TEAM_ABBREVIATION,PLAYER_NAME,START_POSITION,GP,FGM,FGA,FG_PCT,FG3M,FG3A,FG3_PCT,FTM,FTA,FT_PCT,EFG,OREB,DREB,REB,AST,STL,BLK,TO,PF,PTS,PLUS_MINUS
MIN,Anthony Edwards,F,63,471.0,1086.0,0.4337,178.0,522.0,0.341,190.0,243.0,0.7819,0.52,0.86,3.7,4.56,3.63,1.52,0.7,2.73,2.29,20.79,172.0
MIN,Jaden McDaniels,F,70,253.0,553.0,0.4575,79.0,252.0,0.3135,54.0,68.0,0.7941,0.53,1.14,3.09,4.23,1.13,0.8,0.73,1.1,3.29,9.13,-4.0
MIN,Karl-Anthony Towns,C,66,555.0,1052.0,0.5276,126.0,322.0,0.3913,328.0,401.0,0.818,0.59,2.61,7.02,9.62,3.79,0.97,1.15,3.0,3.48,23.7,257.0
MIN,Malik Beasley,G,72,315.0,806.0,0.3908,220.0,593.0,0.371,38.0,49.0,0.7755,0.53,0.35,2.57,2.92,1.43,0.53,0.15,0.58,1.21,12.33,74.0
MIN,D'Angelo Russell,G,57,362.0,869.0,0.4166,164.0,465.0,0.3527,175.0,210.0,0.8333,0.51,0.39,3.05,3.44,7.14,0.93,0.39,2.58,2.07,18.65,246.0
MIN,Naz Reid,C,70,217.0,444.0,0.4887,50.0,150.0,0.3333,107.0,141.0,0.7589,0.55,1.34,2.7,4.04,0.97,0.53,0.99,1.1,2.17,8.44,-31.0
MIN,Jordan McLaughlin,G,52,64.0,164.0,0.3902,16.0,64.0,0.25,26.0,35.0,0.7429,0.44,0.29,1.19,1.48,2.85,0.94,0.12,0.54,0.73,3.27,45.0
MIN,Jaylen Nowell,G,54,167.0,353.0,0.4731,50.0,133.0,0.3759,55.0,70.0,0.7857,0.54,0.39,1.67,2.06,2.2,0.52,0.15,0.48,1.13,8.13,76.0
MIN,Taurean Prince,F,61,145.0,322.0,0.4503,73.0,192.0,0.3802,44.0,59.0,0.7458,0.56,0.33,2.07,2.39,0.92,0.69,0.3,0.8,1.41,6.67,36.0
MIN,Josh Okogie,F,41,38.0,96.0,0.3958,14.0,46.0,0.3043,33.0,48.0,0.6875,0.47,0.66,1.05,1.71,0.51,0.61,0.32,0.51,1.2,3.0,47.0
MIA,Duncan Robinson,F,71,269.0,671.0,0.4009,211.0,571.0,0.3695,45.0,55.0,0.8182,0.56,0.31,2.35,2.66,1.68,0.51,0.21,0.92,2.59,11.18,86.0
MIA,P.J. Tucker,F,65,194.0,400.0,0.485,81.0,188.0,0.4309,40.0,56.0,0.7143,0.59,1.49,3.83,5.32,2.06,0.8,0.22,0.97,2.4,7.83,202.0
MIA,Bam Adebayo,C,48,348.0,638.0,0.5455,0.0,5.0,0.0,206.0,276.0,0.7464,0.55,2.42,7.58,10.0,3.33,1.48,0.85,2.77,3.08,18.79,232.0
MIA,Gabe Vincent,G,64,208.0,496.0,0.4194,114.0,312.0,0.3654,45.0,56.0,0.8036,0.53,0.34,1.5,1.84,3.36,0.94,0.2,1.5,2.28,8.98,68.0
MIA,Kyle Lowry,G,56,225.0,545.0,0.4128,113.0,325.0,0.3477,127.0,151.0,0.8411,0.52,0.57,3.98,4.55,7.75,1.18,0.3,2.88,2.73,12.32,219.0
MIA,Tyler Herro,G,61,471.0,1054.0,0.4469,162.0,410.0,0.3951,178.0,204.0,0.8725,0.52,0.48,4.28,4.75,3.79,0.7,0.15,2.62,1.36,21.02,242.0
MIA,Max Strus,F,62,232.0,525.0,0.4419,167.0,404.0,0.4134,43.0,55.0,0.7818,0.6,0.44,2.74,3.18,1.29,0.39,0.21,0.77,1.71,10.87,118.0
MIA,Markieff Morris,F,16,50.0,111.0,0.4505,9.0,33.0,0.2727,12.0,15.0,0.8,0.49,1.31,2.19,3.5,1.31,0.38,0.19,1.31,1.81,7.56,73.0
MIA,Dewayne Dedmon,C,63,150.0,269.0,0.5576,16.0,38.0,0.4211,69.0,88.0,0.7841,0.59,1.62,4.24,5.86,0.71,0.35,0.63,1.08,2.57,6.11,98.0
MIA,Haywood Highsmith,,13,9.0,26.0,0.3462,7.0,17.0,0.4118,2.0,4.0,0.5,0.48,0.54,0.77,1.31,0.08,0.08,0.15,0.15,0.69,2.08,-39.0
CLE,Dean Wade,F,55,106.0,231.0,0.4589,55.0,152.0,0.3618,25.0,39.0,0.641,0.58,0.67,2.35,3.02,1.09,0.6,0.15,0.36,1.65,5.31,52.0
CLE,Kevin Love,F,64,267.0,629.0,0.4245,150.0,384.0,0.3906,160.0,187.0,0.8556,0.54,1.02,5.84,6.86,2.11,0.31,0.23,1.23,1.23,13.19,125.0
CLE,Evan Mobley,C,64,373.0,750.0,0.4973,22.0,85.0,0.2588,152.0,225.0,0.6756,0.51,1.94,6.3,8.23,2.5,0.84,1.66,1.91,2.2,14.38,93.0
CLE,Isaac Okoro,G,57,173.0,376.0,0.4601,43.0,137.0,0.3139,101.0,132.0,0.7652,0.52,1.09,1.91,3.0,1.72,0.84,0.3,1.04,2.53,8.6,49.0
CLE,Darius Garland,G,57,432.0,919.0,0.4701,142.0,378.0,0.3757,148.0,164.0,0.9024,0.55,0.51,2.75,3.26,7.95,1.23,0.11,3.96,1.75,20.25,249.0
CLE,Lamar Stevens,G,52,104.0,227.0,0.4581,13.0,50.0,0.26,32.0,51.0,0.6275,0.49,0.65,1.69,2.35,0.6,0.4,0.27,0.62,1.44,4.87,-4.0
CLE,Cedi Osman,G,59,228.0,533.0,0.4278,120.0,333.0,0.3604,74.0,114.0,0.6491,0.54,0.34,1.83,2.17,2.07,0.86,0.14,1.07,1.95,11.02,-32.0
LAL/CLE,Rajon Rondo,G,41,70.0,179.0,0.3911,30.0,86.0,0.3488,19.0,26.0,0.7308,0.47,0.37,2.71,3.07,4.05,0.68,0.15,1.9,1.34,4.61,-160.0
CLE,Ed Davis,C,24,11.0,16.0,0.6875,0.0,0.0,,6.0,14.0,0.4286,0.69,0.5,1.96,2.46,0.21,0.12,0.33,0.21,1.29,1.17,-5.0
CLE,Brandon Goodwin,G,24,51.0,127.0,0.4016,16.0,48.0,0.3333,13.0,21.0,0.619,0.46,0.5,1.88,2.38,3.42,0.88,0.0,1.08,1.33,5.46,31.0
CHI,Javonte Green,F,54,151.0,277.0,0.5451,31.0,81.0,0.3827,71.0,84.0,0.8452,0.6,1.54,2.76,4.3,0.96,1.02,0.61,0.48,2.09,7.48,88.0
CHI,DeMar DeRozan,F,67,672.0,1339.0,0.5019,43.0,124.0,0.3468,448.0,515.0,0.8699,0.52,0.81,4.54,5.34,4.97,0.9,0.33,2.36,2.13,27.39,258.0
CHI,Nikola Vucevic,C,63,477.0,1004.0,0.4751,86.0,292.0,0.2945,82.0,106.0,0.7736,0.52,1.97,9.37,11.33,3.38,1.08,1.05,1.94,2.59,17.81,168.0
CHI,Coby White,G,47,228.0,510.0,0.4471,110.0,274.0,0.4015,67.0,79.0,0.8481,0.55,0.34,2.85,3.19,3.02,0.47,0.23,1.13,2.19,13.47,20.0
CHI,Ayo Dosunmu,G,66,225.0,425.0,0.5294,59.0,146.0,0.4041,46.0,68.0,0.6765,0.6,0.32,2.42,2.74,3.08,0.8,0.44,1.32,2.27,8.41,-36.0
CHI,Alex Caruso,G,33,94.0,214.0,0.4393,35.0,99.0,0.3535,59.0,71.0,0.831,0.52,0.76,2.97,3.73,4.09,1.94,0.39,1.36,2.52,8.55,203.0
CHI,Troy Brown Jr.,F,60,101.0,251.0,0.4024,44.0,130.0,0.3385,19.0,25.0,0.76,0.49,0.63,2.48,3.12,1.05,0.53,0.07,0.43,0.98,4.42,-64.0
CHI,Derrick Jones Jr.,F,44,97.0,174.0,0.5575,16.0,48.0,0.3333,47.0,59.0,0.7966,0.6,1.18,2.18,3.36,0.55,0.43,0.66,0.5,2.27,5.84,81.0
SAC/IND/CHI,Tristan Thompson,C,45,116.0,227.0,0.511,1.0,1.0,1.0,54.0,100.0,0.54,0.51,2.2,3.11,5.31,0.56,0.4,0.36,0.89,1.8,6.38,-35.0
SAC/IND,Buddy Hield,F,70,369.0,929.0,0.3972,230.0,636.0,0.3616,93.0,106.0,0.8774,0.52,0.74,3.57,4.31,2.61,0.83,0.27,1.7,2.14,15.16,-36.0
IND,Oshae Brissett,F,59,150.0,382.0,0.3927,59.0,178.0,0.3315,82.0,125.0,0.656,0.47,1.44,3.37,4.81,0.81,0.59,0.47,0.68,1.51,7.47,-190.0
IND,Isaiah Jackson,C,32,96.0,162.0,0.5926,5.0,17.0,0.2941,42.0,66.0,0.6364,0.61,1.53,2.19,3.72,0.31,0.59,1.28,0.94,2.41,7.47,-36.0
IND,Chris Duarte,G,58,288.0,664.0,0.4337,99.0,272.0,0.364,95.0,119.0,0.7983,0.51,0.76,3.31,4.07,2.16,1.02,0.21,1.66,1.72,13.28,-35.0
SAC/IND,Tyrese Haliburton,G,66,358.0,770.0,0.4649,141.0,339.0,0.4159,123.0,148.0,0.8311,0.56,0.71,3.39,4.11,7.67,1.77,0.64,2.53,1.42,14.85,-270.0
IND,Keifer Sykes,G,26,54.0,157.0,0.3439,22.0,76.0,0.2895,17.0,19.0,0.8947,0.41,0.31,1.35,1.65,2.08,0.35,0.15,1.12,1.65,5.65,-54.0
IND,Goga Bitadze,C,46,95.0,201.0,0.4726,21.0,77.0,0.2727,44.0,70.0,0.6286,0.52,1.3,1.8,3.11,0.8,0.33,0.83,0.83,1.91,5.54,-10.0
PHX/IND,Jalen Smith,F,45,134.0,275.0,0.4873,28.0,95.0,0.2947,70.0,88.0,0.7955,0.54,2.02,3.91,5.93,0.42,0.27,0.71,0.87,1.73,8.13,88.0
IND,Duane Washington Jr.,G,40,129.0,325.0,0.3969,57.0,161.0,0.354,31.0,43.0,0.7209,0.48,0.07,1.5,1.57,1.75,0.45,0.05,1.05,1.27,8.65,-123.0
BOS/SAS,Josh Richardson,F,55,181.0,423.0,0.4279,74.0,189.0,0.3915,73.0,85.0,0.8588,0.52,0.64,2.15,2.78,1.64,0.73,0.55,0.85,1.82,9.25,70.0
SAS,Doug McDermott,F,56,232.0,505.0,0.4594,117.0,277.0,0.4224,45.0,56.0,0.8036,0.58,0.39,1.86,2.25,1.3,0.23,0.12,0.82,1.64,11.18,2.0
SAS,Zach Collins,C,14,29.0,59.0,0.4915,7.0,16.0,0.4375,19.0,23.0,0.8261,0.55,1.86,3.07,4.93,1.79,0.43,0.57,1.57,2.36,6.0,1.0
SAS,Devin Vassell,G,64,285.0,663.0,0.4299,110.0,319.0,0.3448,61.0,74.0,0.8243,0.51,0.67,3.78,4.45,1.7,0.97,0.64,0.89,2.08,11.58,73.0
SAS,Tre Jones,G,55,118.0,239.0,0.4937,3.0,27.0,0.1111,48.0,62.0,0.7742,0.5,0.4,1.67,2.07,2.89,0.55,0.05,0.64,1.02,5.22,-54.0
SAS,Keita Bates-Diop,F,54,115.0,231.0,0.4978,19.0,55.0,0.3455,34.0,50.0,0.68,0.54,0.94,2.98,3.93,0.65,0.54,0.28,0.67,1.06,5.24,-6.0
SAS,Jock Landale,C,45,91.0,176.0,0.517,24.0,76.0,0.3158,28.0,34.0,0.8235,0.59,1.11,1.33,2.44,0.98,0.22,0.29,0.76,1.07,5.2,7.0
SAS,Joshua Primo,F,41,74.0,189.0,0.3915,34.0,103.0,0.3301,25.0,34.0,0.7353,0.48,0.68,1.34,2.02,1.44,0.29,0.44,0.98,1.37,5.05,-63.0
SAS,Lonnie Walker IV,G,67,294.0,731.0,0.4022,101.0,331.0,0.3051,101.0,132.0,0.7652,0.47,0.25,2.27,2.52,2.19,0.61,0.28,1.03,1.48,11.79,-63.0
MIL,Khris Middleton,F,58,401.0,885.0,0.4531,140.0,370.0,0.3784,231.0,259.0,0.8919,0.53,0.66,4.62,5.28,5.28,1.1,0.24,2.81,2.45,20.22,302.0
MIL,Giannis Antetokounmpo,F,60,598.0,1081.0,0.5532,70.0,222.0,0.3153,481.0,671.0,0.7168,0.59,1.95,9.37,11.32,5.87,1.07,1.32,3.15,3.08,29.12,353.0
MIL,Bobby Portis,C,59,356.0,736.0,0.4837,121.0,294.0,0.4116,80.0,107.0,0.7477,0.57,2.54,6.64,9.19,1.22,0.78,0.8,1.36,2.56,15.47,276.0
MIL,Grayson Allen,G,60,235.0,544.0,0.432,150.0,375.0,0.4,56.0,65.0,0.8615,0.57,0.47,2.95,3.42,1.53,0.73,0.28,0.53,1.43,11.27,215.0
MIL,Jrue Holiday,G,58,409.0,809.0,0.5056,110.0,264.0,0.4167,112.0,146.0,0.7671,0.57,1.09,3.52,4.6,6.67,1.52,0.47,2.67,1.97,17.93,360.0
BKN/MIL,Jevon Carter,G,58,88.0,242.0,0.3636,66.0,169.0,0.3905,11.0,14.0,0.7857,0.5,0.22,1.26,1.48,1.12,0.34,0.22,0.6,1.12,4.36,-4.0
MIL,Wesley Matthews,F,37,61.0,165.0,0.3697,36.0,118.0,0.3051,12.0,16.0,0.75,0.48,0.51,1.35,1.86,0.68,0.41,0.14,0.38,1.84,4.59,123.0
LAC/MIL,Serge Ibaka,F,46,126.0,253.0,0.498,32.0,83.0,0.3855,27.0,39.0,0.6923,0.56,1.2,3.48,4.67,0.89,0.22,0.7,0.87,1.76,6.76,-62.0
MIL,Jordan Nwora,G,59,198.0,479.0,0.4134,85.0,237.0,0.3586,26.0,32.0,0.8125,0.5,0.56,3.17,3.73,1.12,0.51,0.24,1.0,1.19,8.59,-33.0
BKN/MIL,DeAndre' Bembry,F,59,130.0,233.0,0.5579,15.0,40.0,0.375,28.0,47.0,0.5957,0.59,0.76,2.2,2.97,1.19,0.92,0.44,0.59,1.98,5.14,-31.0
MIL,Sandro Mamukelashvili,F,41,58.0,126.0,0.4603,21.0,53.0,0.3962,18.0,26.0,0.6923,0.54,1.02,1.37,2.39,0.54,0.2,0.22,0.44,0.76,3.78,-141.0
MIL,Thanasis Antetokounmpo,C,45,56.0,115.0,0.487,1.0,13.0,0.0769,22.0,35.0,0.6286,0.49,0.96,1.33,2.29,0.71,0.38,0.29,0.51,1.67,3.0,-118.0
GSW,Jordan Poole,F,67,398.0,869.0,0.458,171.0,476.0,0.3592,189.0,205.0,0.922,0.56,0.43,2.75,3.18,3.57,0.84,0.28,2.25,2.51,17.25,363.0
GSW,Andrew Wiggins,F,66,420.0,903.0,0.4651,141.0,360.0,0.3917,126.0,200.0,0.63,0.54,1.09,3.29,4.38,2.3,1.06,0.76,1.47,2.06,16.77,294.0
GSW,Kevon Looney,C,73,189.0,335.0,0.5642,0.0,1.0,0.0,70.0,118.0,0.5932,0.56,2.59,4.84,7.42,2.0,0.68,0.7,0.89,2.7,6.14,225.0
GSW,Klay Thompson,G,22,145.0,345.0,0.4203,65.0,174.0,0.3736,35.0,38.0,0.9211,0.51,0.45,3.55,4.0,2.95,0.59,0.73,1.36,1.5,17.73,100.0
GSW,Stephen Curry,G,66,552.0,1263.0,0.4371,294.0,774.0,0.3798,280.0,306.0,0.915,0.55,0.52,4.73,5.24,6.15,1.42,0.35,3.2,1.97,25.42,526.0
GSW,Jonathan Kuminga,F,58,187.0,367.0,0.5095,41.0,125.0,0.328,101.0,146.0,0.6918,0.57,0.74,2.4,3.14,0.78,0.41,0.28,1.03,1.98,8.9,15.0
GSW,Moses Moody,F,48,76.0,179.0,0.4246,38.0,107.0,0.3551,28.0,36.0,0.7778,0.53,0.42,1.33,1.75,0.5,0.21,0.15,0.29,0.77,4.54,-43.0
GSW,Nemanja Bjelica,,65,148.0,330.0,0.4485,51.0,147.0,0.3469,51.0,72.0,0.7083,0.53,0.88,3.02,3.89,2.11,0.58,0.37,1.06,1.71,6.12,113.0
GSW,Juan Toscano-Anderson,F,70,110.0,239.0,0.4603,28.0,98.0,0.2857,40.0,72.0,0.5556,0.52,0.43,2.17,2.6,1.94,0.7,0.24,1.03,1.63,4.11,61.0
GSW,Damion Lee,F,58,166.0,361.0,0.4598,61.0,177.0,0.3446,55.0,64.0,0.8594,0.54,0.43,2.69,3.12,0.97,0.66,0.09,0.59,1.43,7.72,101.0
GSW,Chris Chiozza,G,34,27.0,88.0,0.3068,20.0,57.0,0.3509,5.0,6.0,0.8333,0.42,0.35,0.94,1.29,1.94,0.38,0.0,0.85,0.88,2.32,-13.0
GSW,Quinndary Weatherspoon,,9,11.0,17.0,0.6471,1.0,3.0,0.3333,4.0,4.0,1.0,0.68,0.11,0.89,1.0,0.33,0.11,0.11,0.33,1.44,3.0,-4.0
TOR,Gary Trent Jr.,F,62,390.0,950.0,0.4105,180.0,486.0,0.3704,139.0,167.0,0.8323,0.51,0.34,2.4,2.74,1.92,1.82,0.24,1.05,2.05,17.73,102.0
TOR,Pascal Siakam,F,54,450.0,932.0,0.4828,58.0,168.0,0.3452,218.0,293.0,0.744,0.51,1.96,6.33,8.3,5.11,1.26,0.65,2.65,3.48,21.78,169.0
TOR,Precious Achiuwa,C,63,222.0,507.0,0.4379,36.0,100.0,0.36,70.0,118.0,0.5932,0.47,2.14,4.78,6.92,1.03,0.63,0.56,1.17,2.08,8.73,22.0
TOR,Scottie Barnes,G,64,382.0,782.0,0.4885,47.0,159.0,0.2956,134.0,183.0,0.7322,0.52,2.53,4.86,7.39,3.52,1.17,0.84,1.89,2.67,14.77,-8.0
HOU/TOR,Armoni Brooks,G,48,97.0,275.0,0.3527,74.0,237.0,0.3122,19.0,23.0,0.8261,0.49,0.31,1.52,1.83,1.12,0.5,0.19,0.54,1.31,5.98,-84.0
SAS/TOR,Thaddeus Young,C,40,107.0,203.0,0.5271,8.0,21.0,0.381,15.0,35.0,0.4286,0.55,1.62,2.35,3.98,2.08,0.97,0.25,1.18,1.52,5.92,-78.0
TOR,Chris Boucher,F,65,209.0,441.0,0.4739,49.0,173.0,0.2832,122.0,158.0,0.7722,0.53,2.17,3.78,5.95,0.31,0.63,1.0,0.55,2.17,9.06,156.0
TOR,Dalano Banton,G,62,91.0,221.0,0.4118,14.0,57.0,0.2456,24.0,41.0,0.5854,0.44,0.63,1.42,2.05,1.74,0.45,0.23,1.0,1.1,3.55,84.0
TOR,Khem Birch,C,43,77.0,163.0,0.4724,1.0,9.0,0.1111,44.0,61.0,0.7213,0.48,2.21,2.26,4.47,1.09,0.6,0.47,0.6,1.86,4.63,65.0
TOR,Yuta Watanabe,F,33,55.0,128.0,0.4297,28.0,70.0,0.4,20.0,35.0,0.5714,0.54,0.61,2.06,2.67,0.64,0.27,0.52,0.58,1.09,4.79,-43.0
TOR,Svi Mykhailiuk,G,56,106.0,262.0,0.4046,45.0,143.0,0.3147,34.0,40.0,0.85,0.49,0.41,1.5,1.91,0.96,0.5,0.11,0.62,1.02,5.2,-80.0
DEN,Davon Reed,F,41,65.0,133.0,0.4887,34.0,76.0,0.4474,11.0,14.0,0.7857,0.62,0.27,1.95,2.22,1.02,0.51,0.15,0.24,1.32,4.27,31.0
DEN,Jeff Green,F,67,246.0,479.0,0.5136,48.0,155.0,0.3097,151.0,183.0,0.8251,0.56,0.58,2.46,3.04,1.24,0.34,0.4,1.03,2.06,10.31,-5.0
DEN,Nikola Jokic,C,64,623.0,1088.0,0.5726,94.0,266.0,0.3534,299.0,370.0,0.8081,0.62,2.75,10.88,13.62,7.95,1.33,0.84,3.64,2.59,25.61,403.0
DEN,Will Barton,G,60,337.0,763.0,0.4417,129.0,359.0,0.3593,84.0,106.0,0.7925,0.53,0.62,4.3,4.92,3.8,0.8,0.5,1.77,1.6,14.78,50.0
DEN,Monte Morris,G,66,332.0,685.0,0.4847,107.0,276.0,0.3877,59.0,74.0,0.7973,0.56,0.32,2.59,2.91,4.21,0.71,0.18,1.05,1.09,12.58,286.0
DEN,Austin Rivers,G,58,126.0,309.0,0.4078,67.0,202.0,0.3317,27.0,42.0,0.6429,0.52,0.33,1.36,1.69,1.28,0.78,0.09,0.86,1.67,5.97,67.0
DEN,Bones Hyland,G,60,191.0,490.0,0.3898,110.0,304.0,0.3618,75.0,88.0,0.8523,0.5,0.18,2.6,2.78,2.45,0.57,0.25,1.25,2.25,9.45,-10.0
DEN,JaMychal Green,F,58,142.0,302.0,0.4702,32.0,125.0,0.256,78.0,87.0,0.8966,0.52,1.17,3.1,4.28,0.86,0.67,0.43,0.97,2.34,6.79,-73.0
SAS/DEN,Bryn Forbes,G,70,239.0,548.0,0.4361,123.0,290.0,0.4241,74.0,83.0,0.8916,0.55,0.13,1.23,1.36,1.01,0.34,0.07,0.81,1.29,9.64,28.0
MIL/DEN,DeMarcus Cousins,C,34,102.0,233.0,0.4378,25.0,84.0,0.2976,74.0,98.0,0.7551,0.49,1.53,4.47,6.0,1.35,0.94,0.47,1.76,2.91,8.91,70.0
DEN,Markus Howard,,31,42.0,112.0,0.375,34.0,84.0,0.4048,13.0,15.0,0.8667,0.53,0.03,0.39,0.42,0.29,0.32,0.0,0.26,0.48,4.23,12.0
DEN,Facundo Campazzo,G,66,110.0,312.0,0.3526,60.0,207.0,0.2899,66.0,85.0,0.7765,0.45,0.35,1.59,1.94,3.47,1.03,0.36,1.06,1.98,5.24,-239.0
SAC,Harrison Barnes,F,68,357.0,750.0,0.476,138.0,329.0,0.4195,316.0,380.0,0.8316,0.57,1.1,4.68,5.78,2.47,0.74,0.16,1.53,1.29,17.18,-260.0
DET/SAC,Trey Lyles,F,66,220.0,472.0,0.4661,56.0,181.0,0.3094,157.0,200.0,0.785,0.53,1.17,3.52,4.68,1.08,0.39,0.44,1.05,1.62,9.89,-223.0
SAC,Damian Jones,C,48,113.0,179.0,0.6313,5.0,19.0,0.2632,59.0,82.0,0.7195,0.65,1.21,2.5,3.71,1.1,0.38,0.67,0.92,2.15,6.04,-120.0
IND/SAC,Justin Holiday,G,64,235.0,587.0,0.4003,155.0,423.0,0.3664,42.0,50.0,0.84,0.53,0.39,2.22,2.61,1.72,0.73,0.42,0.95,2.11,10.42,-102.0
SAC,De'Aaron Fox,G,61,515.0,1097.0,0.4695,73.0,250.0,0.292,267.0,354.0,0.7542,0.5,0.43,3.48,3.9,5.48,1.13,0.41,2.69,2.89,22.46,-159.0
SAC,Richaun Holmes,C,47,209.0,323.0,0.6471,2.0,5.0,0.4,78.0,102.0,0.7647,0.65,2.13,5.06,7.19,1.13,0.43,0.89,1.23,2.77,10.6,-126.0
MIL/SAC,Donte DiVincenzo,,29,68.0,206.0,0.3301,41.0,135.0,0.3037,40.0,46.0,0.8696,0.43,0.97,2.72,3.69,2.28,0.93,0.17,1.45,1.59,7.48,-85.0
SAC,Chimezie Metu,F,51,160.0,361.0,0.4432,45.0,158.0,0.2848,55.0,71.0,0.7746,0.51,0.61,4.78,5.39,1.04,0.76,0.49,0.96,1.35,8.24,-125.0
SAC,Davion Mitchell,G,66,273.0,667.0,0.4093,91.0,280.0,0.325,28.0,51.0,0.549,0.48,0.48,1.67,2.15,3.3,0.74,0.3,1.23,1.88,10.08,-114.0
IND/SAC,Jeremy Lamb,F,49,118.0,310.0,0.3806,49.0,155.0,0.3161,89.0,104.0,0.8558,0.46,0.39,2.35,2.73,1.41,0.53,0.45,0.61,1.14,7.63,41.0
SAC,Maurice Harkless,F,48,91.0,197.0,0.4619,35.0,110.0,0.3182,20.0,30.0,0.6667,0.55,0.27,2.21,2.48,0.52,0.69,0.54,0.69,1.73,4.94,-68.0
UTA,Bojan Bogdanovic,F,66,403.0,880.0,0.458,174.0,447.0,0.3893,208.0,238.0,0.8739,0.56,0.86,3.35,4.21,1.7,0.47,0.02,1.73,1.56,18.0,280.0
UTA,Royce O'Neale,F,67,186.0,378.0,0.4921,102.0,254.0,0.4016,40.0,51.0,0.7843,0.63,0.84,4.07,4.91,2.46,1.21,0.45,0.91,2.33,7.67,262.0
UTA,Hassan Whiteside,C,58,194.0,302.0,0.6424,0.0,0.0,,90.0,146.0,0.6164,0.64,2.52,5.31,7.83,0.34,0.36,1.47,0.88,2.95,8.24,226.0
UTA,Donovan Mitchell,G,58,521.0,1158.0,0.4499,191.0,548.0,0.3485,207.0,247.0,0.8381,0.53,0.81,3.16,3.97,5.31,1.59,0.26,2.95,2.48,24.83,362.0
HOU/NYK/UTA,Danuel House Jr.,G,38,67.0,174.0,0.3851,34.0,95.0,0.3579,36.0,47.0,0.766,0.48,0.53,2.26,2.79,1.21,0.42,0.34,0.74,1.13,5.37,-72.0
UTA,Eric Paschall,F,52,104.0,211.0,0.4929,41.0,110.0,0.3727,60.0,78.0,0.7692,0.59,0.48,1.54,2.02,0.65,0.15,0.08,0.58,0.94,5.94,16.0
UTA,Jordan Clarkson,G,68,390.0,939.0,0.4153,170.0,524.0,0.3244,124.0,145.0,0.8552,0.51,0.74,2.56,3.29,2.22,0.76,0.24,1.53,1.91,15.79,305.0
UTA,Jared Butler,G,34,62.0,148.0,0.4189,25.0,73.0,0.3425,11.0,18.0,0.6111,0.5,0.12,0.76,0.88,1.56,0.38,0.21,0.97,1.32,4.71,-61.0
UTA,Rudy Gay,F,43,122.0,305.0,0.4,56.0,166.0,0.3373,56.0,72.0,0.7778,0.49,1.05,3.3,4.35,1.0,0.51,0.3,0.86,1.7,8.28,93.0
WAS,Kentavious Caldwell-Pope,F,66,279.0,667.0,0.4183,138.0,346.0,0.3988,111.0,122.0,0.9098,0.52,0.52,2.82,3.33,1.94,1.08,0.36,1.23,1.73,12.23,-200.0
WAS,Kyle Kuzma,F,67,427.0,939.0,0.4547,134.0,384.0,0.349,156.0,220.0,0.7091,0.53,1.03,7.34,8.37,3.33,0.67,0.84,2.48,1.91,17.07,-244.0
WAS,Daniel Gafford,C,61,242.0,357.0,0.6779,0.0,0.0,,81.0,117.0,0.6923,0.68,2.33,3.75,6.08,0.95,0.41,1.56,0.95,2.36,9.26,-143.0
WAS,Corey Kispert,G,65,175.0,403.0,0.4342,83.0,247.0,0.336,40.0,47.0,0.8511,0.54,0.71,1.86,2.57,1.02,0.37,0.29,0.57,1.22,7.28,46.0
WAS,Raul Neto,G,61,190.0,415.0,0.4578,33.0,114.0,0.2895,80.0,106.0,0.7547,0.5,0.21,1.77,1.98,3.05,0.8,0.03,1.13,1.57,8.08,-96.0
WAS,Deni Avdija,F,69,181.0,423.0,0.4279,58.0,188.0,0.3085,77.0,104.0,0.7404,0.5,0.62,4.43,5.06,1.67,0.74,0.54,0.91,2.25,7.2,12.0
CHA/WAS,Ish Smith,G,53,132.0,304.0,0.4342,15.0,41.0,0.3659,16.0,29.0,0.5517,0.46,0.43,1.58,2.02,3.23,0.68,0.3,1.19,1.23,5.57,-128.0
WAS,Thomas Bryant,C,21,69.0,132.0,0.5227,10.0,37.0,0.2703,28.0,32.0,0.875,0.56,1.24,2.86,4.1,1.05,0.29,0.81,0.81,1.71,8.38,-78.0
WAS,Rui Hachimura,,26,96.0,197.0,0.4873,33.0,65.0,0.5077,31.0,40.0,0.775,0.57,0.42,2.73,3.15,0.92,0.65,0.19,0.77,1.23,9.85,-53.0
NOP/SAS/WAS,Tomas Satoransky,G,43,46.0,137.0,0.3358,6.0,37.0,0.1622,35.0,44.0,0.7955,0.36,0.49,1.44,1.93,2.28,0.53,0.09,0.81,1.09,3.09,-180.0
WAS,Anthony Gill,,34,40.0,68.0,0.5882,10.0,19.0,0.5263,26.0,35.0,0.7429,0.66,0.62,0.85,1.47,0.5,0.12,0.18,0.32,1.26,3.41,54.0
POR,CJ Elleby,F,46,86.0,219.0,0.3927,25.0,91.0,0.2747,38.0,50.0,0.76,0.45,0.85,2.28,3.13,1.17,0.61,0.26,0.91,1.85,5.11,-193.0
POR,Trendon Watford,F,43,101.0,181.0,0.558,5.0,23.0,0.2174,55.0,73.0,0.7534,0.57,1.0,2.7,3.7,1.28,0.44,0.44,0.79,2.07,6.09,-241.0
SAS/POR,Drew Eubanks,C,61,125.0,230.0,0.5435,2.0,12.0,0.1667,76.0,101.0,0.7525,0.55,1.56,3.16,4.72,1.18,0.3,0.57,1.03,1.49,5.38,-141.0
NOP/POR,Josh Hart,G,54,255.0,521.0,0.4894,63.0,197.0,0.3198,150.0,199.0,0.7538,0.55,1.2,5.89,7.09,3.94,1.11,0.24,2.04,2.72,13.39,-172.0
POR,Brandon Williams,G,9,36.0,87.0,0.4138,9.0,29.0,0.3103,32.0,46.0,0.6957,0.47,0.56,2.56,3.11,2.0,0.67,0.22,2.0,1.89,12.56,-78.0
POR,Ben McLemore,G,52,142.0,385.0,0.3688,104.0,304.0,0.3421,40.0,49.0,0.8163,0.5,0.23,1.25,1.48,0.9,0.44,0.13,0.9,1.42,8.23,-266.0
POR,Greg Brown III,,38,53.0,134.0,0.3955,8.0,39.0,0.2051,30.0,45.0,0.6667,0.43,0.68,1.97,2.66,0.37,0.47,0.45,0.45,1.45,3.79,-131.0
LAC/POR,Keon Johnson,G,25,40.0,127.0,0.315,13.0,39.0,0.3333,32.0,41.0,0.7805,0.37,0.56,1.36,1.92,1.28,0.6,0.2,0.8,1.52,5.0,-130.0
UTA/POR,Elijah Hughes,F,27,34.0,109.0,0.3119,23.0,76.0,0.3026,7.0,10.0,0.7,0.42,0.19,1.7,1.89,0.78,0.37,0.15,0.7,0.96,3.63,-141.0
MIN,Jarred Vanderbilt,F,66,187.0,322.0,0.5807,2.0,14.0,0.1429,75.0,116.0,0.6466,0.58,2.89,5.68,8.58,1.3,1.36,0.64,0.95,2.45,6.83,140.0
MIN,Patrick Beverley,G,50,151.0,380.0,0.3974,73.0,217.0,0.3364,67.0,94.0,0.7128,0.49,1.04,3.16,4.2,4.76,1.12,0.88,1.4,3.08,8.84,140.0
ORL,Franz Wagner,F,72,405.0,880.0,0.4602,92.0,260.0,0.3538,162.0,189.0,0.8571,0.51,1.01,3.46,4.47,2.92,0.89,0.46,1.54,2.12,14.78,-262.0
ORL,Wendell Carter Jr.,F,61,335.0,641.0,0.5226,68.0,206.0,0.3301,138.0,195.0,0.7077,0.58,2.26,8.02,10.28,2.7,0.57,0.69,1.95,2.66,14.36,-142.0
ORL,Mo Bamba,C,61,254.0,524.0,0.4847,82.0,227.0,0.3612,53.0,66.0,0.803,0.56,2.07,5.89,7.95,1.1,0.56,1.85,1.11,2.52,10.54,-328.0
ORL,Cole Anthony,G,58,333.0,841.0,0.396,122.0,359.0,0.3398,189.0,219.0,0.863,0.47,0.52,5.09,5.6,5.6,0.78,0.28,2.71,2.6,16.84,-184.0
ORL,Jalen Suggs,G,48,196.0,546.0,0.359,43.0,193.0,0.2228,125.0,164.0,0.7622,0.4,0.54,3.08,3.62,4.31,1.19,0.44,3.04,3.06,11.67,-200.0
ORL,Markelle Fultz,,5,21.0,39.0,0.5385,1.0,4.0,0.25,9.0,11.0,0.8182,0.55,0.4,2.2,2.6,4.4,0.6,0.2,1.4,1.6,10.4,1.0
ORL,Chuma Okeke,F,57,170.0,451.0,0.3769,84.0,276.0,0.3043,47.0,55.0,0.8545,0.47,0.68,4.16,4.84,1.7,1.46,0.56,0.77,1.33,8.26,-247.0
ORL,R.J. Hampton,G,54,141.0,362.0,0.3895,51.0,136.0,0.375,70.0,107.0,0.6542,0.46,0.33,2.78,3.11,2.31,0.7,0.24,1.31,1.44,7.46,-322.0
ORL,Terrence Ross,F,62,221.0,552.0,0.4004,77.0,256.0,0.3008,110.0,127.0,0.8661,0.47,0.32,2.16,2.48,1.94,0.5,0.23,1.23,1.11,10.15,-322.0
ORL,Moritz Wagner,F,53,144.0,293.0,0.4915,52.0,153.0,0.3399,84.0,105.0,0.8,0.58,0.47,2.4,2.87,1.11,0.34,0.25,0.89,1.83,8.0,-88.0
LAC,Nicolas Batum,F,50,153.0,335.0,0.4567,93.0,233.0,0.3991,20.0,32.0,0.625,0.6,0.5,3.96,4.46,1.54,0.9,0.68,0.64,1.38,8.38,-111.0
LAC,Marcus Morris Sr.,F,44,251.0,575.0,0.4365,88.0,228.0,0.386,103.0,118.0,0.8729,0.51,0.48,4.09,4.57,2.05,0.57,0.32,1.32,2.27,15.75,-111.0
LAC,Ivica Zubac,C,66,255.0,403.0,0.6328,0.0,0.0,,148.0,202.0,0.7327,0.63,2.7,5.52,8.21,1.45,0.52,1.05,1.53,2.53,9.97,-153.0
LAC,Amir Coffey,G,60,173.0,392.0,0.4413,79.0,216.0,0.3657,91.0,106.0,0.8585,0.54,0.42,2.43,2.85,1.73,0.62,0.22,0.68,1.33,8.6,-55.0
LAC,Reggie Jackson,G,68,431.0,1085.0,0.3972,156.0,464.0,0.3362,124.0,147.0,0.8435,0.47,0.56,3.07,3.63,4.6,0.71,0.16,2.25,1.94,16.79,-40.0
LAC,Isaiah Hartenstein,,59,189.0,297.0,0.6364,5.0,13.0,0.3846,66.0,106.0,0.6226,0.64,1.58,2.95,4.53,2.08,0.71,1.2,1.24,2.51,7.61,112.0
LAC,Terance Mann,G,72,297.0,624.0,0.476,70.0,192.0,0.3646,101.0,130.0,0.7769,0.53,1.33,4.0,5.33,2.46,0.71,0.21,1.04,2.25,10.62,24.0
LAC,Luke Kennard,G,62,251.0,564.0,0.445,170.0,375.0,0.4533,64.0,73.0,0.8767,0.6,0.26,3.18,3.44,2.1,0.63,0.1,0.92,1.47,11.87,124.0
LAC,Brandon Boston Jr.,F,51,124.0,336.0,0.369,36.0,121.0,0.2975,70.0,81.0,0.8642,0.42,0.37,1.84,2.22,1.0,0.51,0.22,0.75,0.92,6.94,-102.0
ATL,De'Andre Hunter,F,40,189.0,423.0,0.4468,57.0,145.0,0.3931,91.0,120.0,0.7583,0.51,0.53,2.65,3.17,1.3,0.68,0.35,1.35,3.02,13.15,-7.0
ATL,John Collins,F,58,360.0,687.0,0.524,66.0,182.0,0.3626,147.0,186.0,0.7903,0.57,1.74,6.22,7.97,1.78,0.66,1.02,1.19,2.93,16.09,51.0
ATL,Clint Capela,C,59,283.0,468.0,0.6047,0.0,1.0,0.0,64.0,140.0,0.4571,0.6,3.76,8.19,11.95,1.29,0.63,1.34,0.59,2.22,10.68,82.0
ATL,Kevin Huerter,G,61,281.0,607.0,0.4629,122.0,312.0,0.391,31.0,39.0,0.7949,0.56,0.43,2.82,3.25,2.7,0.64,0.38,1.2,2.34,11.72,158.0
ATL,Trae Young,G,63,580.0,1280.0,0.4531,183.0,485.0,0.3773,391.0,437.0,0.8947,0.52,0.62,3.14,3.76,9.41,0.92,0.11,3.95,1.6,27.52,91.0
ATL,Bogdan Bogdanovic,G,51,262.0,609.0,0.4302,128.0,356.0,0.3596,58.0,70.0,0.8286,0.54,0.43,3.51,3.94,3.08,1.04,0.25,1.16,2.1,13.92,102.0
ATL,Danilo Gallinari,F,57,200.0,478.0,0.4184,92.0,239.0,0.3849,133.0,147.0,0.9048,0.51,0.56,4.07,4.63,1.33,0.46,0.19,0.56,1.51,10.96,61.0
ATL,Lou Williams,,48,116.0,284.0,0.4085,33.0,91.0,0.3626,62.0,70.0,0.8857,0.47,0.29,1.27,1.56,1.9,0.48,0.08,0.75,0.94,6.81,3.0
ATL,Onyeka Okongwu,C,32,111.0,155.0,0.7161,0.0,0.0,,54.0,72.0,0.75,0.72,2.25,3.12,5.38,1.09,0.59,1.31,1.06,3.12,8.62,89.0
ATL,Delon Wright,G,64,97.0,219.0,0.4429,31.0,89.0,0.3483,47.0,55.0,0.8545,0.51,0.66,2.09,2.75,2.41,1.02,0.2,0.62,0.7,4.25,-6.0
DET,Saddiq Bey,F,69,372.0,942.0,0.3949,171.0,496.0,0.3448,168.0,202.0,0.8317,0.49,1.43,4.26,5.7,2.84,0.8,0.22,1.28,1.62,15.7,-465.0
DET,Jerami Grant,F,46,285.0,679.0,0.4197,82.0,244.0,0.3361,217.0,260.0,0.8346,0.48,0.59,3.46,4.04,2.5,0.89,1.07,1.91,2.24,18.89,-219.0
SAC/DET,Marvin Bagley III,C,40,175.0,355.0,0.493,19.0,83.0,0.2289,46.0,71.0,0.6479,0.52,2.25,4.78,7.03,0.57,0.4,0.33,0.78,1.75,10.38,-74.0
DET,Cory Joseph,G,60,168.0,365.0,0.4603,55.0,133.0,0.4135,84.0,97.0,0.866,0.54,0.42,2.1,2.52,3.73,0.6,0.27,1.4,2.17,7.92,-228.0
DET,Cade Cunningham,G,53,340.0,844.0,0.4028,104.0,321.0,0.324,108.0,127.0,0.8504,0.46,0.96,4.83,5.79,5.23,1.17,0.62,3.51,3.11,16.83,-245.0
DET,Saben Lee,G,34,61.0,161.0,0.3789,16.0,52.0,0.3077,41.0,53.0,0.7736,0.43,0.35,2.03,2.38,2.44,0.91,0.38,0.85,0.91,5.26,-53.0
DET,Kelly Olynyk,F,34,112.0,261.0,0.4291,36.0,112.0,0.3214,56.0,74.0,0.7568,0.5,1.35,3.09,4.44,2.74,0.76,0.5,1.68,2.65,9.29,-115.0
DET,Isaiah Livers,,8,9.0,27.0,0.3333,6.0,20.0,0.3,0.0,0.0,,0.44,1.0,0.5,1.5,0.62,0.5,0.25,0.62,1.25,3.0,-9.0
DET,Jamorko Pickett,,11,8.0,23.0,0.3478,4.0,16.0,0.25,0.0,0.0,,0.43,0.64,1.0,1.64,0.18,0.0,0.18,0.36,0.45,1.82,-61.0
DET,Luka Garza,C,34,61.0,136.0,0.4485,14.0,45.0,0.3111,33.0,49.0,0.6735,0.5,1.62,1.24,2.85,0.47,0.24,0.18,0.53,1.56,4.97,-61.0
BOS,Jayson Tatum,F,67,616.0,1397.0,0.4409,191.0,570.0,0.3351,356.0,418.0,0.8517,0.51,1.18,7.03,8.21,4.18,0.99,0.64,2.93,2.37,26.55,430.0
BOS,Al Horford,F,60,232.0,511.0,0.454,79.0,242.0,0.3264,69.0,82.0,0.8415,0.53,1.57,6.02,7.58,3.27,0.62,1.33,1.02,1.88,10.2,276.0
BOS,Robert Williams III,C,58,249.0,350.0,0.7114,0.0,1.0,0.0,65.0,91.0,0.7143,0.71,3.86,5.72,9.59,2.0,0.93,2.21,1.07,2.21,9.71,306.0
BOS,Jaylen Brown,G,54,455.0,989.0,0.4601,135.0,396.0,0.3409,200.0,263.0,0.7605,0.53,0.8,5.33,6.13,3.37,1.04,0.31,2.81,2.44,23.06,318.0
BOS,Marcus Smart,G,60,246.0,591.0,0.4162,92.0,282.0,0.3262,128.0,160.0,0.8,0.49,0.65,3.17,3.82,5.6,1.7,0.25,2.1,2.38,11.87,365.0
BOS,Grant Williams,F,67,171.0,355.0,0.4817,97.0,225.0,0.4311,66.0,72.0,0.9167,0.62,0.79,2.58,3.37,1.1,0.54,0.69,0.79,2.27,7.54,43.0
SAS/BOS,Derrick White,G,66,309.0,737.0,0.4193,101.0,338.0,0.2988,175.0,204.0,0.8578,0.49,0.55,3.03,3.58,4.98,0.95,0.89,1.61,2.3,13.55,134.0
HOU/BOS,Daniel Theis,C,37,105.0,217.0,0.4839,25.0,91.0,0.2747,38.0,58.0,0.6552,0.54,1.0,3.57,4.57,0.76,0.43,0.68,1.11,2.41,7.38,-237.0
BOS,Payton Pritchard,G,60,116.0,292.0,0.3973,69.0,183.0,0.377,16.0,16.0,1.0,0.52,0.38,1.35,1.73,1.88,0.23,0.1,0.62,0.87,5.28,-15.0
BOS,Sam Hauser,,18,13.0,33.0,0.3939,11.0,30.0,0.3667,0.0,0.0,,0.56,0.06,0.56,0.61,0.22,0.11,0.06,0.17,0.33,2.06,-42.0
MIA/BOS,Nik Stauskas,,4,3.0,9.0,0.3333,2.0,5.0,0.4,4.0,6.0,0.6667,0.44,0.25,0.5,0.75,0.25,0.0,0.0,0.0,0.25,3.0,11.0
UTA/BOS,Malik Fitts,,13,7.0,22.0,0.3182,7.0,12.0,0.5833,0.0,0.0,,0.48,0.0,1.46,1.46,0.62,0.08,0.15,0.38,0.46,1.62,-43.0
IND/BOS,Kelan Martin,F,32,75.0,181.0,0.4144,24.0,80.0,0.3,10.0,15.0,0.6667,0.48,0.56,1.31,1.88,0.72,0.41,0.28,0.47,1.16,5.75,-51.0
CLE,Lauri Markkanen,F,51,252.0,573.0,0.4398,101.0,292.0,0.3459,97.0,113.0,0.8584,0.53,1.04,4.27,5.31,1.41,0.75,0.57,0.86,1.67,13.76,146.0
CLE,RJ Nembhard Jr.,,11,10.0,22.0,0.4545,0.0,4.0,0.0,4.0,6.0,0.6667,0.45,0.27,0.55,0.82,1.27,0.09,0.0,0.18,0.27,2.18,-4.0
DAL/CLE,Moses Brown,C,31,39.0,69.0,0.5652,0.0,0.0,,35.0,58.0,0.6034,0.57,0.71,1.77,2.48,0.03,0.1,0.39,0.48,1.1,3.65,7.0
MIA,Jimmy Butler,F,49,339.0,717.0,0.4728,18.0,89.0,0.2022,345.0,397.0,0.869,0.49,1.8,4.18,5.98,5.49,1.76,0.49,2.1,1.47,21.24,239.0
MIA,Victor Oladipo,,3,8.0,18.0,0.4444,2.0,8.0,0.25,2.0,3.0,0.6667,0.5,0.0,1.67,1.67,3.0,0.0,0.33,0.33,1.0,6.67,8.0
MIA,Omer Yurtseven,C,54,136.0,248.0,0.5484,3.0,11.0,0.2727,40.0,63.0,0.6349,0.55,1.7,3.81,5.52,0.94,0.33,0.39,0.85,1.65,5.83,71.0
DAL,Reggie Bullock,F,58,163.0,413.0,0.3947,111.0,321.0,0.3458,36.0,44.0,0.8182,0.53,0.41,2.91,3.33,1.12,0.57,0.22,0.57,1.47,8.16,167.0
DAL,Josh Green,F,56,103.0,208.0,0.4952,17.0,52.0,0.3269,29.0,42.0,0.6905,0.54,0.84,1.68,2.52,1.34,0.7,0.21,0.61,1.71,4.5,137.0
DAL,Dwight Powell,C,70,214.0,325.0,0.6585,17.0,40.0,0.425,125.0,163.0,0.7669,0.68,2.1,2.54,4.64,1.11,0.47,0.41,0.74,2.59,8.14,71.0
WAS/DAL,Spencer Dinwiddie,G,58,264.0,648.0,0.4074,97.0,288.0,0.3368,160.0,202.0,0.7921,0.48,0.64,3.55,4.19,5.52,0.6,0.16,1.57,2.38,13.53,-52.0
DAL,Luka Doncic,G,54,520.0,1147.0,0.4534,151.0,447.0,0.3378,283.0,384.0,0.737,0.52,0.94,8.2,9.15,8.54,1.17,0.54,4.35,2.37,27.3,152.0
WAS/DAL,Davis Bertans,,48,84.0,257.0,0.3268,65.0,218.0,0.2982,37.0,42.0,0.881,0.45,0.21,1.85,2.06,0.5,0.27,0.25,0.33,1.56,5.62,-17.0
DAL,Maxi Kleber,F,51,126.0,309.0,0.4078,78.0,223.0,0.3498,43.0,59.0,0.7288,0.53,1.22,4.53,5.75,1.12,0.55,1.04,0.65,2.2,7.31,139.0
DAL,Sterling Brown,F,47,64.0,163.0,0.3926,34.0,98.0,0.3469,11.0,13.0,0.8462,0.5,0.55,2.68,3.23,0.79,0.3,0.15,0.55,1.06,3.68,79.0
DAL,Trey Burke,,37,87.0,206.0,0.4223,25.0,81.0,0.3086,24.0,27.0,0.8889,0.48,0.11,0.86,0.97,1.51,0.35,0.0,0.65,0.89,6.03,-4.0
DAL,Boban Marjanovic,,22,46.0,78.0,0.5897,3.0,8.0,0.375,13.0,24.0,0.5417,0.61,0.55,1.41,1.95,0.14,0.05,0.09,0.64,1.05,4.91,44.0
HOU,Eric Gordon,F,55,262.0,551.0,0.4755,120.0,292.0,0.411,105.0,135.0,0.7778,0.58,0.27,1.73,2.0,2.76,0.51,0.33,1.91,1.13,13.62,-214.0
HOU,Kenyon Martin Jr.,F,68,241.0,455.0,0.5297,47.0,135.0,0.3481,67.0,111.0,0.6036,0.58,1.15,2.84,3.99,1.37,0.47,0.43,0.78,1.32,8.76,-209.0
HOU,Alperen Sengun,C,63,204.0,436.0,0.4679,21.0,89.0,0.236,143.0,207.0,0.6908,0.49,1.84,3.43,5.27,2.4,0.83,1.0,2.0,2.95,9.08,-265.0
HOU,Kevin Porter Jr.,G,50,245.0,615.0,0.3984,117.0,314.0,0.3726,101.0,168.0,0.6012,0.49,0.68,3.26,3.94,5.88,1.18,0.28,3.3,2.54,14.16,-270.0
HOU,Jalen Green,G,56,299.0,737.0,0.4057,112.0,359.0,0.312,155.0,194.0,0.799,0.48,0.48,2.75,3.23,2.54,0.71,0.21,2.09,1.57,15.45,-568.0
BOS/HOU,Garrison Mathews,F,52,158.0,388.0,0.4072,118.0,323.0,0.3653,126.0,156.0,0.8077,0.56,0.5,2.63,3.13,0.96,0.81,0.27,0.69,2.73,10.77,-168.0
BOS/HOU,Dennis Schroder,G,59,291.0,682.0,0.4267,76.0,229.0,0.3319,145.0,171.0,0.848,0.48,0.58,2.85,3.42,4.68,0.85,0.12,2.24,2.46,13.61,-25.0
HOU,Josh Christopher,F,63,184.0,411.0,0.4477,49.0,158.0,0.3101,63.0,80.0,0.7875,0.51,0.67,1.76,2.43,1.81,0.79,0.16,1.48,1.27,7.62,-187.0
HOU,David Nwaba,F,47,86.0,182.0,0.4725,15.0,50.0,0.3,52.0,69.0,0.7536,0.51,0.85,2.55,3.4,0.68,0.6,0.4,0.51,1.28,5.09,-106.0
BOS/HOU,Bruno Fernando,,27,23.0,37.0,0.6216,1.0,2.0,0.5,8.0,10.0,0.8,0.64,0.52,0.89,1.41,0.19,0.0,0.33,0.44,0.52,2.04,-50.0
HOU,Daishen Nix,,13,16.0,33.0,0.4848,5.0,14.0,0.3571,4.0,7.0,0.5714,0.56,0.08,0.92,1.0,1.31,0.69,0.08,0.92,0.54,3.15,-3.0
NYK,RJ Barrett,F,60,401.0,967.0,0.4147,123.0,342.0,0.3596,217.0,309.0,0.7023,0.48,0.78,4.97,5.75,2.88,0.5,0.28,2.08,2.13,19.03,-101.0
NYK,Julius Randle,F,68,495.0,1174.0,0.4216,116.0,364.0,0.3187,288.0,376.0,0.766,0.47,1.78,8.24,10.01,5.07,0.76,0.56,3.41,2.81,20.5,-147.0
NYK,Mitchell Robinson,C,62,223.0,294.0,0.7585,0.0,0.0,,72.0,148.0,0.4865,0.76,3.97,4.82,8.79,0.47,0.77,1.65,0.84,2.76,8.35,-71.0
NYK,Evan Fournier,G,69,344.0,824.0,0.4175,198.0,512.0,0.3867,79.0,108.0,0.7315,0.54,0.46,2.28,2.74,1.78,0.88,0.29,1.32,2.09,13.99,-84.0
NYK,Alec Burks,G,69,228.0,598.0,0.3813,123.0,319.0,0.3856,178.0,218.0,0.8165,0.48,0.57,4.01,4.58,2.75,1.03,0.35,0.96,2.42,10.97,70.0
NYK,Taj Gibson,C,47,88.0,158.0,0.557,11.0,28.0,0.3929,36.0,45.0,0.8,0.59,1.68,2.87,4.55,0.66,0.45,0.81,0.51,2.91,4.74,97.0
NYK,Jericho Sims,,29,19.0,32.0,0.5938,0.0,0.0,,8.0,16.0,0.5,0.59,1.1,2.03,3.14,0.31,0.28,0.34,0.28,1.48,1.59,-22.0
NYK,Immanuel Quickley,G,67,217.0,571.0,0.38,107.0,317.0,0.3375,121.0,132.0,0.9167,0.47,0.42,2.28,2.7,3.06,0.6,0.06,1.25,2.28,9.88,199.0
NYK,Miles McBride,G,31,19.0,74.0,0.2568,7.0,42.0,0.1667,3.0,6.0,0.5,0.3,0.1,0.68,0.77,0.9,0.29,0.03,0.19,1.06,1.55,71.0
MEM,Ziaire Williams,F,53,156.0,356.0,0.4382,57.0,194.0,0.2938,37.0,47.0,0.7872,0.52,0.45,1.62,2.08,0.94,0.57,0.15,0.72,1.83,7.66,93.0
MEM,Jaren Jackson Jr.,F,71,400.0,954.0,0.4193,123.0,377.0,0.3263,246.0,306.0,0.8039,0.48,1.59,4.37,5.96,1.03,0.94,2.18,1.62,3.48,16.46,330.0
MEM,Steven Adams,C,68,198.0,352.0,0.5625,0.0,0.0,,103.0,187.0,0.5508,0.56,4.59,5.24,9.82,3.24,0.79,0.75,1.68,1.91,7.34,329.0
MEM,Desmond Bane,G,69,445.0,985.0,0.4518,196.0,475.0,0.4126,111.0,124.0,0.8952,0.55,0.59,3.72,4.32,2.59,1.1,0.42,1.51,2.59,17.35,242.0
MEM,Ja Morant,G,58,586.0,1175.0,0.4987,88.0,260.0,0.3385,321.0,421.0,0.7625,0.54,1.31,4.34,5.66,6.55,1.17,0.4,3.45,1.5,27.26,254.0
MEM,De'Anthony Melton,G,64,228.0,591.0,0.3858,103.0,302.0,0.3411,75.0,101.0,0.7426,0.47,0.88,3.59,4.47,2.7,1.66,0.55,1.38,1.67,9.91,273.0
MEM,Kyle Anderson,F,59,175.0,411.0,0.4258,31.0,100.0,0.31,55.0,89.0,0.618,0.46,1.0,4.42,5.42,2.63,1.14,0.68,1.05,1.59,7.39,71.0
MEM,John Konchar,F,65,113.0,229.0,0.4934,44.0,112.0,0.3929,27.0,44.0,0.6136,0.59,1.14,3.31,4.45,1.42,0.65,0.37,0.42,1.32,4.57,84.0
MEM,Tyus Jones,G,66,212.0,467.0,0.454,64.0,179.0,0.3575,49.0,58.0,0.8448,0.52,0.26,2.2,2.45,3.94,0.89,0.05,0.67,0.52,8.14,171.0
MEM,Brandon Clarke,F,58,257.0,407.0,0.6314,9.0,34.0,0.2647,75.0,113.0,0.6637,0.64,2.09,3.43,5.52,1.41,0.6,1.05,0.48,1.79,10.31,172.0
CHA,Miles Bridges,F,70,505.0,1050.0,0.481,125.0,405.0,0.3086,229.0,285.0,0.8035,0.54,1.14,5.84,6.99,3.64,0.93,0.87,1.9,2.54,19.49,77.0
CHA,P.J. Washington,F,55,197.0,439.0,0.4487,97.0,268.0,0.3619,51.0,73.0,0.6986,0.56,1.27,4.09,5.36,1.93,0.8,0.93,1.29,2.45,9.85,32.0
CHA,Mason Plumlee,C,61,170.0,266.0,0.6391,0.0,2.0,0.0,51.0,140.0,0.3643,0.64,2.48,5.48,7.95,3.07,0.89,0.67,1.36,3.1,6.41,-18.0
CHA,Terry Rozier,G,61,429.0,976.0,0.4395,192.0,504.0,0.381,135.0,161.0,0.8385,0.54,0.75,3.46,4.21,4.48,1.26,0.36,1.33,1.61,19.43,22.0
CHA,LaMelo Ball,G,65,448.0,1072.0,0.4179,163.0,457.0,0.3567,190.0,219.0,0.8676,0.49,1.52,5.18,6.71,7.2,1.51,0.4,3.17,3.12,19.22,-32.0
WAS/CHA,Montrezl Harrell,C,62,326.0,518.0,0.6293,4.0,17.0,0.2353,206.0,286.0,0.7203,0.63,2.26,4.47,6.73,1.98,0.42,0.69,1.1,1.95,13.9,0.0
CHA,Cody Martin,F,61,183.0,387.0,0.4729,60.0,148.0,0.4054,70.0,103.0,0.6796,0.55,1.13,2.93,4.07,2.46,1.31,0.46,1.0,1.82,8.13,-35.0
CHA,Kelly Oubre Jr.,F,63,362.0,828.0,0.4372,169.0,491.0,0.3442,108.0,162.0,0.6667,0.54,1.11,2.92,4.03,1.16,1.13,0.46,1.02,2.62,15.89,-57.0
CHA,Jalen McDaniels,F,45,109.0,239.0,0.4561,35.0,105.0,0.3333,38.0,53.0,0.717,0.53,0.73,2.91,3.64,1.04,0.53,0.38,0.78,1.73,6.47,-7.0
LAL/DAL/CHA,Isaiah Thomas,G,8,25.0,70.0,0.3571,11.0,39.0,0.2821,11.0,14.0,0.7857,0.44,0.25,1.5,1.75,1.88,0.38,0.25,0.88,1.62,9.0,-13.0
CHA,Nick Richards,C,48,62.0,95.0,0.6526,0.0,1.0,0.0,33.0,47.0,0.7021,0.65,0.79,1.31,2.1,0.29,0.21,0.42,0.56,1.19,3.27,-130.0
CHA,JT Thor,,30,25.0,64.0,0.3906,8.0,34.0,0.2353,11.0,15.0,0.7333,0.45,0.37,1.0,1.37,0.67,0.3,0.33,0.33,0.9,2.3,-15.0
NOP,Naji Marshall,F,44,85.0,212.0,0.4009,16.0,86.0,0.186,49.0,64.0,0.7656,0.44,0.64,1.93,2.57,1.05,0.64,0.14,0.95,1.09,5.34,-58.0
NOP,Jaxson Hayes,F,56,184.0,289.0,0.6367,9.0,32.0,0.2812,104.0,136.0,0.7647,0.65,1.46,2.73,4.2,0.57,0.39,0.77,0.77,2.29,8.59,-62.0
NOP,Jonas Valanciunas,C,64,432.0,818.0,0.5281,51.0,141.0,0.3617,204.0,250.0,0.816,0.56,2.97,8.2,11.17,2.42,0.53,0.88,2.41,3.28,17.48,-63.0
NOP,Herbert Jones,G,68,239.0,489.0,0.4888,44.0,124.0,0.3548,113.0,134.0,0.8433,0.53,1.32,2.51,3.84,2.18,1.5,0.82,1.22,3.07,9.34,6.0
NOP,Devonte' Graham,G,67,272.0,748.0,0.3636,180.0,516.0,0.3488,102.0,123.0,0.8293,0.48,0.51,2.01,2.52,4.24,0.93,0.15,1.55,1.37,12.33,-60.0
NOP,Jose Alvarado,G,41,77.0,185.0,0.4162,23.0,76.0,0.3026,21.0,31.0,0.6774,0.48,0.37,1.17,1.54,2.15,1.02,0.17,0.68,1.51,4.83,144.0
NOP,Willy Hernangomez,C,42,134.0,255.0,0.5255,3.0,8.0,0.375,78.0,109.0,0.7156,0.53,2.57,3.79,6.36,1.12,0.4,0.4,0.93,1.88,8.31,-66.0
NOP,Trey Murphy III,F,51,88.0,230.0,0.3826,63.0,159.0,0.3962,36.0,42.0,0.8571,0.52,0.76,1.75,2.51,0.63,0.31,0.12,0.33,0.94,5.39,-51.0
POR/NOP,Tony Snell,F,49,60.0,153.0,0.3922,42.0,119.0,0.3529,3.0,3.0,1.0,0.53,0.31,1.73,2.04,0.51,0.29,0.18,0.37,1.33,3.37,-112.0
UTA,Rudy Gobert,C,54,296.0,415.0,0.7133,0.0,2.0,0.0,236.0,342.0,0.6901,0.71,3.56,11.07,14.63,1.15,0.69,2.2,1.83,2.7,15.33,365.0
UTA,Mike Conley,G,62,279.0,660.0,0.4227,141.0,349.0,0.404,114.0,137.0,0.8321,0.53,0.61,2.42,3.03,5.05,1.32,0.31,1.68,1.81,13.11,341.0
NOP/UTA,Nickeil Alexander-Walker,G,60,258.0,695.0,0.3712,106.0,341.0,0.3109,85.0,115.0,0.7391,0.45,0.65,2.42,3.07,2.6,0.77,0.37,1.57,1.63,11.78,-161.0
UTA,Trent Forrest,G,57,72.0,151.0,0.4768,6.0,28.0,0.2143,37.0,45.0,0.8222,0.5,0.33,1.32,1.65,1.79,0.53,0.11,0.88,0.75,3.28,49.0
SAS,Keldon Johnson,F,67,398.0,859.0,0.4633,124.0,311.0,0.3987,148.0,202.0,0.7327,0.54,1.01,4.9,5.91,1.81,0.7,0.13,1.25,1.85,15.94,55.0
SAS,Jakob Poeltl,C,60,351.0,570.0,0.6158,1.0,1.0,1.0,79.0,165.0,0.4788,0.62,3.82,5.25,9.07,2.92,0.7,1.72,1.6,2.97,13.03,127.0
SAS,Dejounte Murray,G,63,527.0,1125.0,0.4684,80.0,252.0,0.3175,154.0,198.0,0.7778,0.5,1.17,7.06,8.24,8.98,2.05,0.32,2.52,2.0,20.44,61.0
SAS,Joe Wieskamp,,23,15.0,37.0,0.4054,9.0,25.0,0.36,3.0,7.0,0.4286,0.53,0.13,0.35,0.48,0.35,0.17,0.09,0.13,0.43,1.83,-2.0
TOR,Fred VanVleet,G,58,403.0,971.0,0.415,224.0,565.0,0.3965,168.0,193.0,0.8705,0.53,0.69,3.81,4.5,6.67,1.55,0.5,2.6,2.33,20.66,137.0
PHX,Mikal Bridges,F,71,376.0,722.0,0.5208,97.0,269.0,0.3606,99.0,117.0,0.8462,0.59,0.93,3.37,4.3,2.24,1.15,0.45,0.79,1.92,13.35,503.0
PHX,Jae Crowder,F,60,197.0,490.0,0.402,110.0,321.0,0.3427,68.0,85.0,0.8,0.51,0.45,4.9,5.35,1.73,1.33,0.38,0.88,2.45,9.53,354.0
PHX,Deandre Ayton,C,50,361.0,566.0,0.6378,6.0,18.0,0.3333,83.0,114.0,0.7281,0.64,2.38,7.4,9.78,1.38,0.7,0.74,1.6,2.2,16.22,237.0
PHX,Devin Booker,G,57,526.0,1164.0,0.4519,151.0,403.0,0.3747,244.0,282.0,0.8652,0.52,0.75,4.4,5.16,4.7,1.16,0.42,2.46,2.51,25.39,346.0
PHX,Cameron Payne,G,50,208.0,522.0,0.3985,60.0,184.0,0.3261,75.0,88.0,0.8523,0.46,0.44,2.48,2.92,4.5,0.7,0.3,1.94,2.02,11.02,136.0
WAS/PHX,Aaron Holiday,G,56,146.0,307.0,0.4756,36.0,92.0,0.3913,49.0,59.0,0.8305,0.53,0.3,1.59,1.89,2.29,0.61,0.16,1.09,1.45,6.73,-77.0
PHX,Landry Shamet,G,58,149.0,393.0,0.3791,98.0,269.0,0.3643,65.0,75.0,0.8667,0.5,0.24,1.66,1.9,1.69,0.5,0.1,0.64,1.28,7.95,183.0
PHX,JaVale McGee,C,65,258.0,406.0,0.6355,2.0,8.0,0.25,90.0,128.0,0.7031,0.64,2.15,4.55,6.71,0.63,0.34,1.09,1.37,2.35,9.35,171.0
IND/PHX,Torrey Craig,F,67,155.0,366.0,0.4235,56.0,190.0,0.2947,37.0,50.0,0.74,0.5,1.04,2.78,3.82,1.18,0.54,0.45,0.78,1.78,6.01,-232.0
PHX,Bismack Biyombo,C,23,62.0,100.0,0.62,0.0,0.0,,30.0,55.0,0.5455,0.62,2.13,3.13,5.26,0.74,0.48,0.83,0.78,2.04,6.7,74.0
DAL/WAS,Kristaps Porzingis,C,40,261.0,571.0,0.4571,58.0,197.0,0.2944,171.0,200.0,0.855,0.51,1.9,5.58,7.47,2.08,0.78,1.7,1.5,2.5,18.77,75.0
LAL,Austin Reaves,F,53,122.0,258.0,0.4729,50.0,152.0,0.3289,63.0,73.0,0.863,0.57,0.6,2.06,2.66,1.55,0.47,0.36,0.64,1.6,6.74,104.0
CHI/LAL,Stanley Johnson,F,36,81.0,173.0,0.4682,25.0,74.0,0.3378,27.0,39.0,0.6923,0.54,0.67,2.39,3.06,1.39,0.81,0.33,0.58,2.44,5.94,-12.0
LAL,LeBron James,C,51,559.0,1075.0,0.52,138.0,392.0,0.352,226.0,293.0,0.7713,0.58,1.02,6.96,7.98,6.16,1.45,1.02,3.43,2.12,29.06,-38.0
LAL,Malik Monk,G,63,304.0,650.0,0.4677,144.0,358.0,0.4022,66.0,86.0,0.7674,0.58,0.46,2.86,3.32,2.57,0.78,0.4,1.48,1.73,12.98,114.0
LAL,Russell Westbrook,G,69,461.0,1074.0,0.4292,65.0,228.0,0.2851,228.0,344.0,0.6628,0.46,1.35,6.1,7.45,7.07,1.0,0.28,4.0,3.01,17.61,-165.0
LAL,Talen Horton-Tucker,F,51,186.0,449.0,0.4143,43.0,154.0,0.2792,86.0,111.0,0.7748,0.46,0.67,2.63,3.29,2.65,0.94,0.49,1.53,2.55,9.82,-68.0
LAL,Carmelo Anthony,F,63,290.0,657.0,0.4414,141.0,360.0,0.3917,123.0,145.0,0.8483,0.55,0.83,3.32,4.14,0.94,0.7,0.81,0.94,2.35,13.4,-72.0
HOU/LAL,D.J. Augustin,G,43,70.0,171.0,0.4094,50.0,122.0,0.4098,38.0,43.0,0.8837,0.56,0.21,0.95,1.16,2.16,0.33,0.0,1.12,0.53,5.3,-168.0
NOP/BKN/LAC/LAL,Wenyen Gabriel,,12,8.0,27.0,0.2963,4.0,11.0,0.3636,5.0,10.0,0.5,0.37,1.0,1.33,2.33,0.33,0.08,0.17,0.42,1.42,2.08,26.0
BKN,Kevin Durant,F,43,439.0,844.0,0.5201,84.0,219.0,0.3836,258.0,289.0,0.8927,0.57,0.56,6.74,7.3,5.53,0.74,0.91,3.09,1.93,28.37,167.0
BKN,Bruce Brown,F,62,187.0,376.0,0.4973,25.0,68.0,0.3676,63.0,83.0,0.759,0.53,1.24,3.13,4.37,1.48,1.06,0.52,0.68,2.44,7.45,-142.0
PHI/BKN,Andre Drummond,C,63,191.0,346.0,0.552,0.0,3.0,0.0,78.0,148.0,0.527,0.55,2.81,6.06,8.87,2.06,1.06,0.98,1.67,2.43,7.3,7.0
PHI/BKN,Seth Curry,G,59,334.0,689.0,0.4848,140.0,336.0,0.4167,78.0,91.0,0.8571,0.59,0.34,2.9,3.24,3.71,0.88,0.24,1.78,2.34,15.02,134.0
BKN,Kyrie Irving,G,18,172.0,361.0,0.4765,53.0,130.0,0.4077,70.0,78.0,0.8974,0.55,0.56,4.06,4.61,5.39,1.22,0.67,2.39,2.61,25.94,35.0
BKN,Patty Mills,G,69,298.0,714.0,0.4174,202.0,492.0,0.4106,45.0,56.0,0.8036,0.56,0.22,1.8,2.01,2.43,0.71,0.26,0.94,1.45,12.22,52.0
TOR/BKN,Goran Dragic,G,16,39.0,108.0,0.3611,17.0,47.0,0.3617,23.0,28.0,0.8214,0.44,0.62,2.0,2.62,2.81,0.69,0.12,1.0,1.62,7.38,-42.0
BKN,Nic Claxton,C,35,123.0,192.0,0.6406,0.0,0.0,,38.0,68.0,0.5588,0.64,1.97,3.23,5.2,0.77,0.46,1.17,0.74,2.23,8.11,-54.0
BKN,James Johnson,F,53,140.0,290.0,0.4828,24.0,82.0,0.2927,30.0,54.0,0.5556,0.52,0.89,2.53,3.42,2.06,0.47,0.55,0.77,2.49,6.3,-34.0
BKN,Cam Thomas,F,60,217.0,499.0,0.4349,49.0,175.0,0.28,84.0,100.0,0.84,0.48,0.23,2.25,2.48,1.3,0.5,0.15,0.97,1.0,9.45,-87.0
BKN,Kessler Edwards,F,37,82.0,208.0,0.3942,36.0,107.0,0.3364,14.0,16.0,0.875,0.48,1.0,2.81,3.81,0.68,0.62,0.49,1.08,1.73,5.78,-104.0
PHI,Matisse Thybulle,F,51,116.0,238.0,0.4874,34.0,122.0,0.2787,26.0,35.0,0.7429,0.56,0.55,1.8,2.35,1.12,1.69,1.08,0.65,2.35,5.73,-33.0
PHI,Tobias Harris,F,57,394.0,825.0,0.4776,69.0,198.0,0.3485,158.0,184.0,0.8587,0.52,1.12,5.82,6.95,3.49,0.58,0.65,1.67,2.05,17.81,65.0
PHI,Joel Embiid,C,55,504.0,1029.0,0.4898,71.0,200.0,0.355,518.0,632.0,0.8196,0.52,1.96,8.98,10.95,4.25,1.04,1.4,2.91,2.64,29.04,268.0
PHI,Tyrese Maxey,G,61,391.0,812.0,0.4815,93.0,224.0,0.4152,172.0,199.0,0.8643,0.54,0.38,3.02,3.39,4.36,0.75,0.44,1.23,2.08,17.16,117.0
BKN/PHI,James Harden,G,53,342.0,817.0,0.4186,123.0,359.0,0.3426,352.0,406.0,0.867,0.49,0.87,6.79,7.66,10.11,1.25,0.58,4.58,2.49,21.87,74.0
PHI,Georges Niang,F,65,216.0,495.0,0.4364,130.0,325.0,0.4,48.0,56.0,0.8571,0.57,0.35,2.29,2.65,1.49,0.45,0.2,0.78,2.68,9.38,123.0
PHI,Shake Milton,G,40,133.0,325.0,0.4092,30.0,102.0,0.2941,50.0,58.0,0.8621,0.46,0.57,2.27,2.85,2.7,0.6,0.35,1.1,1.9,8.65,-46.0
LAL/PHI,DeAndre Jordan,C,39,80.0,116.0,0.6897,0.0,0.0,,24.0,43.0,0.5581,0.69,1.59,4.05,5.64,0.49,0.36,0.85,0.72,1.59,4.72,-132.0
PHI,Furkan Korkmaz,F,61,188.0,481.0,0.3909,78.0,271.0,0.2878,67.0,82.0,0.8171,0.47,0.34,2.49,2.84,2.1,0.57,0.11,0.82,0.87,8.54,14.0
PHI,Isaiah Joe,G,50,75.0,189.0,0.3968,55.0,147.0,0.3741,33.0,36.0,0.9167,0.54,0.12,1.02,1.14,0.8,0.36,0.12,0.34,0.96,4.76,53.0
PHI,Paul Reed,F,33,44.0,90.0,0.4889,2.0,9.0,0.2222,13.0,22.0,0.5909,0.5,1.36,1.64,3.0,0.48,0.79,0.55,0.45,1.55,3.12,-49.0
DEN,Aaron Gordon,F,66,356.0,706.0,0.5042,72.0,229.0,0.3144,149.0,203.0,0.734,0.56,1.56,4.06,5.62,2.53,0.64,0.53,1.67,1.92,14.14,290.0
CLE/MIL/BOS,Luke Kornet,,7,1.0,9.0,0.1111,0.0,2.0,0.0,2.0,3.0,0.6667,0.11,0.43,0.57,1.0,0.29,0.29,0.14,0.0,0.43,0.57,13.0
CHI,Zach LaVine,G,58,502.0,1038.0,0.4836,164.0,408.0,0.402,249.0,289.0,0.8616,0.56,0.31,4.5,4.81,4.4,0.64,0.36,2.76,1.79,24.43,148.0
DET,Hamidou Diallo,G,62,275.0,553.0,0.4973,23.0,99.0,0.2323,97.0,149.0,0.651,0.52,1.16,3.58,4.74,1.26,1.23,0.29,1.08,2.45,10.81,-263.0
DET,Rodney McGruder,G,43,72.0,163.0,0.4417,42.0,100.0,0.42,12.0,18.0,0.6667,0.57,0.56,1.42,1.98,0.74,0.4,0.12,0.4,1.0,4.6,-50.0
PHX,Elfrid Payton,,45,70.0,170.0,0.4118,5.0,18.0,0.2778,13.0,30.0,0.4333,0.43,0.49,1.49,1.98,2.22,0.62,0.13,1.0,0.84,3.51,-5.0
TOR/PHX,Ish Wainright,,38,27.0,75.0,0.36,15.0,45.0,0.3333,4.0,9.0,0.4444,0.46,0.53,0.76,1.29,0.34,0.32,0.16,0.37,1.08,1.92,38.0
MIA,Caleb Martin,F,56,198.0,393.0,0.5038,56.0,144.0,0.3889,66.0,88.0,0.75,0.58,1.21,2.62,3.84,1.21,0.98,0.52,0.77,1.7,9.25,142.0
ATL,Jalen Johnson,,20,15.0,39.0,0.3846,3.0,11.0,0.2727,7.0,12.0,0.5833,0.42,0.1,1.3,1.4,0.25,0.05,0.2,0.4,0.25,2.0,-18.0
GSW/LAL,Avery Bradley,G,56,134.0,328.0,0.4085,72.0,194.0,0.3711,13.0,15.0,0.8667,0.52,0.54,1.71,2.25,0.84,0.93,0.16,0.61,1.8,6.3,-137.0
LAL,Kent Bazemore,F,42,60.0,172.0,0.3488,38.0,99.0,0.3838,19.0,25.0,0.76,0.46,0.31,1.64,1.95,0.95,0.67,0.21,0.67,1.98,4.21,-175.0
OKC,Aaron Wiggins,F,44,124.0,264.0,0.4697,42.0,119.0,0.3529,40.0,57.0,0.7018,0.55,0.93,2.48,3.41,1.09,0.77,0.27,0.84,1.84,7.5,-134.0
OKC,Darius Bazley,F,64,228.0,560.0,0.4071,67.0,229.0,0.2926,95.0,139.0,0.6835,0.47,1.03,5.39,6.42,1.38,0.91,1.08,1.31,0.92,9.66,-388.0
OKC,Isaiah Roby,C,32,105.0,201.0,0.5224,23.0,57.0,0.4035,45.0,62.0,0.7258,0.58,1.41,2.59,4.0,1.16,0.78,0.5,0.84,2.19,8.69,-101.0
OKC,Lindy Waters III,G,11,21.0,53.0,0.3962,15.0,46.0,0.3261,0.0,0.0,,0.54,0.0,2.0,2.0,0.36,0.27,0.36,0.18,1.18,5.18,-68.0
OKC,Shai Gilgeous-Alexander,G,54,431.0,976.0,0.4416,83.0,287.0,0.2892,302.0,377.0,0.8011,0.48,0.63,4.13,4.76,5.78,1.22,0.78,2.72,2.41,23.09,-217.0
OKC,Aleksej Pokusevski,F,54,148.0,370.0,0.4,45.0,164.0,0.2744,17.0,27.0,0.6296,0.46,1.07,3.61,4.69,1.43,0.59,0.61,1.19,1.26,6.63,-120.0
OKC,Vit Krejci,,14,19.0,45.0,0.4222,9.0,28.0,0.3214,7.0,7.0,1.0,0.52,0.36,1.29,1.64,0.79,0.43,0.07,0.5,1.5,3.86,-85.0
OKC,Theo Maledon,G,43,70.0,209.0,0.3349,32.0,114.0,0.2807,49.0,63.0,0.7778,0.41,0.3,1.74,2.05,1.56,0.47,0.14,0.91,1.23,5.14,-215.0
OKC,Olivier Sarr,,10,18.0,36.0,0.5,3.0,9.0,0.3333,6.0,8.0,0.75,0.54,1.1,2.2,3.3,0.5,0.2,0.6,0.8,1.8,4.5,-57.0
MIN,Nathan Knight,C,34,32.0,64.0,0.5,2.0,8.0,0.25,44.0,60.0,0.7333,0.52,0.74,1.35,2.09,0.59,0.21,0.32,0.47,1.03,3.24,17.0
MIN,Leandro Bolmaro,G,32,17.0,53.0,0.3208,5.0,22.0,0.2273,10.0,11.0,0.9091,0.37,0.5,0.81,1.31,0.56,0.22,0.03,0.5,0.78,1.53,-13.0
MIN,Jake Layman,F,31,30.0,72.0,0.4167,6.0,34.0,0.1765,12.0,16.0,0.75,0.46,0.19,1.03,1.23,0.29,0.29,0.19,0.29,0.48,2.52,-30.0
ORL,Gary Harris,F,62,244.0,558.0,0.4373,113.0,297.0,0.3805,81.0,93.0,0.871,0.54,0.55,1.37,1.92,1.81,0.92,0.18,0.97,1.71,11.0,-206.0
POR/NOP,CJ McCollum,G,51,437.0,954.0,0.4581,156.0,404.0,0.3861,82.0,116.0,0.7069,0.54,0.94,3.45,4.39,4.96,1.02,0.41,1.98,2.02,21.8,-156.0
BOS/NYK,Ryan Arcidiacono,,6,1.0,7.0,0.1429,1.0,2.0,0.5,0.0,0.0,,0.21,0.33,0.5,0.83,0.83,0.0,0.0,0.5,0.0,0.5,-15.0
DAL,Dorian Finney-Smith,F,68,260.0,576.0,0.4514,133.0,350.0,0.38,53.0,78.0,0.6795,0.57,1.66,3.25,4.91,1.9,1.12,0.5,1.09,2.32,10.38,202.0
DAL,Jalen Brunson,G,67,426.0,848.0,0.5024,77.0,205.0,0.3756,137.0,167.0,0.8204,0.55,0.54,3.22,3.76,5.21,0.93,0.06,1.67,1.93,15.91,219.0
TOR,Isaac Bonga,F,20,7.0,20.0,0.35,1.0,5.0,0.2,6.0,10.0,0.6,0.38,0.4,0.4,0.8,0.6,0.5,0.15,0.2,0.8,1.05,-10.0
POR,Keljin Blevins,F,21,18.0,50.0,0.36,10.0,34.0,0.2941,3.0,6.0,0.5,0.46,0.29,0.48,0.76,0.57,0.1,0.05,0.52,0.67,2.33,-130.0
UTA,Udoka Azubuike,C,21,46.0,63.0,0.7302,0.0,0.0,,7.0,13.0,0.5385,0.73,1.24,3.71,4.95,0.19,0.14,0.71,0.81,1.57,4.71,-7.0
BOS/SAS/UTA,Juancho Hernangomez,F,31,13.0,47.0,0.2766,6.0,32.0,0.1875,18.0,26.0,0.6923,0.34,0.55,1.16,1.71,0.39,0.19,0.19,0.42,0.35,1.61,-52.0
DEN,Zeke Nnaji,F,45,102.0,194.0,0.5258,40.0,82.0,0.4878,39.0,64.0,0.6094,0.63,1.33,2.31,3.64,0.42,0.38,0.33,0.6,1.82,6.29,-46.0
SAC,Alex Len,C,39,89.0,171.0,0.5205,6.0,20.0,0.3,42.0,65.0,0.6462,0.54,1.31,2.9,4.21,1.15,0.36,0.69,1.13,2.59,5.79,-81.0
IND,Malcolm Brogdon,F,36,242.0,534.0,0.4532,59.0,183.0,0.3224,139.0,165.0,0.8424,0.51,0.86,4.31,5.17,5.83,0.83,0.36,2.14,1.94,18.94,46.0
CHI/WAS/NOP,Alize Johnson,,26,29.0,53.0,0.5472,0.0,5.0,0.0,15.0,21.0,0.7143,0.55,1.46,2.23,3.69,0.69,0.31,0.04,0.58,0.96,2.81,-13.0
NOP,Gary Clark,F,32,26.0,73.0,0.3562,23.0,61.0,0.377,6.0,8.0,0.75,0.51,0.5,1.97,2.47,0.41,0.34,0.22,0.19,0.53,2.53,-8.0
MEM,Killian Tillie,F,37,45.0,135.0,0.3333,28.0,91.0,0.3077,5.0,8.0,0.625,0.44,0.57,1.14,1.7,0.62,0.62,0.41,0.41,1.59,3.32,24.0
MEM,Xavier Tillman,C,48,83.0,188.0,0.4415,10.0,48.0,0.2083,33.0,52.0,0.6346,0.47,1.12,1.88,3.0,1.06,1.0,0.38,0.69,1.19,4.35,-35.0
MEM,Jarrett Culver,,33,46.0,123.0,0.374,13.0,48.0,0.2708,12.0,23.0,0.5217,0.43,0.36,1.12,1.48,1.0,0.52,0.18,0.67,1.12,3.55,-18.0
MEM,Yves Pons,,13,6.0,14.0,0.4286,2.0,8.0,0.25,2.0,4.0,0.5,0.5,0.38,0.85,1.23,0.08,0.0,0.31,0.15,0.62,1.23,-70.0
MIL,Lindell Wigginton,,15,15.0,32.0,0.4688,7.0,15.0,0.4667,10.0,18.0,0.5556,0.58,0.13,1.0,1.13,0.53,0.2,0.07,0.47,0.6,3.13,-17.0
OKC,Tre Mann,G,56,190.0,498.0,0.3815,74.0,222.0,0.3333,57.0,74.0,0.7703,0.46,0.38,2.18,2.55,1.29,0.82,0.16,1.11,1.68,9.12,-230.0
MIL/LAC,Semi Ojeleye,,26,24.0,81.0,0.2963,13.0,45.0,0.2889,13.0,18.0,0.7222,0.38,1.0,1.46,2.46,0.27,0.19,0.19,0.31,1.12,2.85,-139.0
MIL/LAC,Rodney Hood,,46,51.0,144.0,0.3542,27.0,87.0,0.3103,13.0,14.0,0.9286,0.45,0.28,1.22,1.5,0.7,0.3,0.11,0.2,0.63,3.09,-34.0
ATL,Timothe Luwawu-Cabarrot,F,42,53.0,142.0,0.3732,34.0,97.0,0.3505,17.0,20.0,0.85,0.49,0.21,1.05,1.26,0.71,0.36,0.1,0.33,1.29,3.74,-46.0
DET,Isaiah Stewart,C,61,219.0,420.0,0.5214,5.0,29.0,0.1724,61.0,90.0,0.6778,0.53,3.11,5.31,8.43,1.03,0.31,1.18,1.23,2.97,8.26,-307.0
DET,Killian Hayes,G,54,122.0,342.0,0.3567,34.0,130.0,0.2615,47.0,61.0,0.7705,0.41,0.56,2.46,3.02,4.13,1.07,0.5,1.69,2.7,6.02,-324.0
CHI,Tony Bradley,C,48,66.0,114.0,0.5789,0.0,0.0,,14.0,21.0,0.6667,0.58,1.25,2.35,3.6,0.52,0.21,0.67,0.6,1.23,3.04,57.0
PHI,Danny Green,F,49,104.0,262.0,0.3969,82.0,220.0,0.3727,9.0,10.0,0.9,0.55,0.53,1.88,2.41,0.98,1.02,0.63,0.76,1.63,6.1,94.0
HOU,Jae'Sean Tate,F,66,312.0,620.0,0.5032,50.0,170.0,0.2941,120.0,168.0,0.7143,0.54,1.62,3.85,5.47,2.97,0.94,0.56,1.8,3.68,12.03,-379.0
LAL/HOU,Trevelin Queen,,14,22.0,50.0,0.44,9.0,29.0,0.3103,5.0,5.0,1.0,0.53,0.86,0.86,1.71,0.5,0.64,0.14,0.79,0.79,4.14,-11.0
CLE/MIA,Kyle Guy,,19,28.0,67.0,0.4179,14.0,40.0,0.35,9.0,14.0,0.6429,0.52,0.16,0.63,0.79,0.95,0.42,0.05,0.79,0.68,4.16,-47.0
LAL,Dwight Howard,C,52,107.0,179.0,0.5978,6.0,10.0,0.6,74.0,116.0,0.6379,0.61,2.1,3.63,5.73,0.58,0.63,0.67,0.87,2.12,5.65,-26.0
BOS/SAS,Romeo Langford,G,49,101.0,222.0,0.455,38.0,99.0,0.3838,24.0,42.0,0.5714,0.54,0.67,1.67,2.35,0.45,0.49,0.35,0.41,0.98,5.39,38.0
ATL/NYK,Cam Reddish,F,53,183.0,460.0,0.3978,74.0,212.0,0.3491,103.0,114.0,0.9035,0.48,0.49,1.64,2.13,0.92,1.06,0.3,1.19,1.3,10.25,-247.0
IND/SAC,Domantas Sabonis,C,62,436.0,757.0,0.576,40.0,131.0,0.3053,221.0,302.0,0.7318,0.6,3.24,8.77,12.02,5.05,0.95,0.42,3.13,3.21,18.27,4.0
DET/SAC,Josh Jackson,G,47,124.0,302.0,0.4106,38.0,139.0,0.2734,45.0,64.0,0.7031,0.47,0.47,2.62,3.09,1.43,0.49,0.49,0.96,1.77,7.04,-105.0
BKN,LaMarcus Aldridge,C,48,263.0,479.0,0.5491,15.0,51.0,0.2941,100.0,113.0,0.885,0.56,1.54,3.94,5.48,0.98,0.35,1.0,0.94,1.65,13.35,24.0
IND,Terry Taylor,F,21,69.0,114.0,0.6053,4.0,11.0,0.3636,14.0,22.0,0.6364,0.62,2.57,2.57,5.14,1.29,0.14,0.19,0.38,1.57,7.43,-9.0
HOU,Christian Wood,C,64,412.0,835.0,0.4934,115.0,306.0,0.3758,189.0,321.0,0.5888,0.56,1.73,8.41,10.14,2.22,0.75,0.95,1.84,2.55,17.62,-412.0
CLE,Jarrett Allen,C,61,382.0,571.0,0.669,1.0,10.0,0.1,182.0,256.0,0.7109,0.67,3.23,7.13,10.36,1.54,0.84,1.28,1.57,1.66,15.52,101.0
NOP,Brandon Ingram,F,51,426.0,920.0,0.463,72.0,216.0,0.3333,230.0,281.0,0.8185,0.5,0.65,4.94,5.59,5.49,0.67,0.47,2.75,2.16,22.63,85.0
POR/LAC,Robert Covington,F,63,169.0,428.0,0.3949,100.0,289.0,0.346,48.0,57.0,0.8421,0.51,0.9,4.75,5.65,1.3,1.49,1.32,1.1,2.63,7.71,-70.0
DAL,Frank Ntilikina,G,51,77.0,208.0,0.3702,36.0,109.0,0.3303,27.0,28.0,0.9643,0.46,0.16,1.16,1.31,1.18,0.53,0.14,0.53,1.16,4.25,81.0
BKN/PHI,Paul Millsap,F,34,54.0,134.0,0.403,12.0,43.0,0.2791,16.0,24.0,0.6667,0.45,1.38,2.56,3.94,1.03,0.35,0.44,0.74,2.0,4.0,-19.0
MIL/MIA,Javonte Smart,G,19,27.0,82.0,0.3293,9.0,38.0,0.2368,12.0,14.0,0.8571,0.38,0.32,1.37,1.68,1.16,0.42,0.11,0.84,0.89,3.95,-40.0
ORL,Ignas Brazdeikis,,34,39.0,101.0,0.3861,13.0,44.0,0.2955,13.0,17.0,0.7647,0.45,0.38,1.0,1.38,0.76,0.29,0.06,0.26,0.97,3.06,-48.0
ORL,Admiral Schofield,F,31,37.0,84.0,0.4405,15.0,49.0,0.3061,7.0,10.0,0.7,0.53,0.35,1.39,1.74,0.52,0.13,0.13,0.48,1.16,3.1,-58.0
POR,Anfernee Simons,G,59,365.0,826.0,0.4419,182.0,455.0,0.4,110.0,123.0,0.8943,0.55,0.46,2.15,2.61,3.86,0.53,0.12,2.02,1.93,17.32,-120.0
GSW,Otto Porter Jr.,F,58,182.0,385.0,0.4727,87.0,216.0,0.4028,46.0,59.0,0.7797,0.59,1.07,4.22,5.29,1.55,1.12,0.45,0.53,1.34,8.57,211.0
ATL/IND,Lance Stephenson,G,33,107.0,240.0,0.4458,17.0,68.0,0.25,41.0,54.0,0.7593,0.48,0.33,2.58,2.91,3.45,0.48,0.09,1.58,2.0,8.24,-24.0
ORL,Robin Lopez,C,31,95.0,174.0,0.546,2.0,6.0,0.3333,25.0,42.0,0.5952,0.55,1.84,1.71,3.55,1.55,0.03,0.65,1.26,1.74,7.0,-40.0
TOR,Malachi Flynn,G,45,84.0,206.0,0.4078,38.0,110.0,0.3455,23.0,34.0,0.6765,0.5,0.2,1.2,1.4,1.6,0.49,0.11,0.31,1.13,5.09,-6.0
TOR,Justin Champagnie,,40,44.0,95.0,0.4632,12.0,37.0,0.3243,15.0,16.0,0.9375,0.53,1.18,1.3,2.48,0.45,0.38,0.2,0.35,1.18,2.88,79.0
NOP,Garrett Temple,F,60,115.0,305.0,0.377,57.0,185.0,0.3081,28.0,41.0,0.6829,0.47,0.55,1.98,2.53,1.23,0.7,0.4,0.78,1.38,5.25,-393.0
PHX,Cameron Johnson,G,64,277.0,575.0,0.4817,167.0,369.0,0.4526,93.0,106.0,0.8774,0.63,0.59,3.38,3.97,1.45,0.84,0.23,0.58,1.7,12.72,312.0
ATL,Gorgui Dieng,C,44,61.0,124.0,0.4919,27.0,65.0,0.4154,17.0,24.0,0.7083,0.6,0.82,2.34,3.16,0.95,0.34,0.34,0.64,1.34,3.77,-59.0
BOS,Aaron Nesmith,G,49,72.0,183.0,0.3934,31.0,111.0,0.2793,19.0,22.0,0.8636,0.48,0.33,1.43,1.76,0.47,0.33,0.08,0.61,1.22,3.96,33.0
GSW,Gary Payton II,F,61,182.0,296.0,0.6149,39.0,109.0,0.3578,33.0,56.0,0.5893,0.68,0.95,2.43,3.38,0.82,1.39,0.31,0.54,1.77,7.15,164.0
LAL,Wayne Ellington,F,41,87.0,220.0,0.3955,74.0,195.0,0.3795,10.0,12.0,0.8333,0.56,0.22,1.63,1.85,0.68,0.51,0.1,0.37,1.05,6.29,-85.0
CHA,Kai Jones,,23,13.0,28.0,0.4643,1.0,3.0,0.3333,6.0,18.0,0.3333,0.48,0.43,0.52,0.96,0.22,0.09,0.04,0.3,0.48,1.43,-51.0
ORL/CLE,Tim Frazier,G,12,14.0,45.0,0.3111,6.0,17.0,0.3529,5.0,9.0,0.5556,0.38,0.42,1.17,1.58,2.83,0.25,0.08,1.25,2.25,3.25,-80.0
CLE,Dylan Windler,,41,41.0,93.0,0.4409,26.0,65.0,0.4,9.0,13.0,0.6923,0.58,0.44,1.39,1.83,0.76,0.27,0.07,0.37,0.98,2.85,-12.0
NYK,Obi Toppin,F,61,174.0,345.0,0.5043,25.0,109.0,0.2294,71.0,96.0,0.7396,0.54,0.92,2.74,3.66,0.89,0.28,0.46,0.8,1.39,7.28,127.0
DAL/PHI,Willie Cauley-Stein,C,24,24.0,50.0,0.48,1.0,5.0,0.2,1.0,2.0,0.5,0.49,0.58,1.71,2.29,0.5,0.25,0.33,0.33,1.21,2.08,64.0
DET,Frank Jackson,G,47,177.0,435.0,0.4069,83.0,257.0,0.323,74.0,91.0,0.8132,0.5,0.38,1.28,1.66,0.96,0.57,0.19,0.79,1.72,10.87,-214.0
BKN,Blake Griffin,C,53,130.0,309.0,0.4207,35.0,143.0,0.2448,53.0,74.0,0.7162,0.48,1.11,3.08,4.19,1.96,0.51,0.26,0.57,1.77,6.57,-103.0
OKC/TOR,D.J. Wilson,F,6,13.0,23.0,0.5652,1.0,7.0,0.1429,8.0,10.0,0.8,0.59,0.33,3.67,4.0,1.0,1.0,0.33,0.67,1.33,5.83,-24.0
BKN,David Duke Jr.,G,24,43.0,118.0,0.3644,10.0,39.0,0.2564,21.0,28.0,0.75,0.41,1.33,1.96,3.29,0.88,0.71,0.29,0.54,1.62,4.88,25.0
BKN,Day'Ron Sharpe,C,34,91.0,158.0,0.5759,2.0,9.0,0.2222,29.0,48.0,0.6042,0.58,2.47,2.44,4.91,0.53,0.35,0.44,0.88,1.82,6.26,84.0
CHI,Matt Thomas,,41,59.0,147.0,0.4014,38.0,101.0,0.3762,19.0,24.0,0.7917,0.53,0.07,1.12,1.2,0.61,0.22,0.1,0.24,0.54,4.27,41.0
ATL/CHI,Malcolm Hill,,17,23.0,49.0,0.4694,13.0,34.0,0.3824,11.0,14.0,0.7857,0.6,0.65,1.24,1.88,0.29,0.35,0.18,0.12,1.29,4.12,-19.0
LAL,Trevor Ariza,F,22,28.0,82.0,0.3415,20.0,66.0,0.303,8.0,15.0,0.5333,0.46,0.27,2.95,3.23,1.05,0.55,0.18,0.45,0.86,3.82,-46.0
NYK/ATL,Kevin Knox II,,26,30.0,80.0,0.375,17.0,53.0,0.3208,11.0,16.0,0.6875,0.48,0.42,1.27,1.69,0.38,0.12,0.04,0.27,0.58,3.38,-44.0
ATL,Skylar Mays,G,28,37.0,76.0,0.4868,10.0,31.0,0.3226,10.0,11.0,0.9091,0.55,0.25,0.82,1.07,0.71,0.32,0.04,0.43,0.43,3.36,-41.0
BKN/SAS,Devontae Cacok,,13,24.0,33.0,0.7273,1.0,1.0,1.0,6.0,10.0,0.6,0.74,0.54,2.46,3.0,0.54,0.62,0.54,0.15,1.23,4.23,25.0
WAS,Cassius Winston,,5,3.0,6.0,0.5,2.0,5.0,0.4,2.0,2.0,1.0,0.67,0.0,0.0,0.0,1.0,0.0,0.0,0.2,1.4,2.0,-4.0
NYK,Quentin Grimes,F,44,92.0,220.0,0.4182,70.0,174.0,0.4023,11.0,17.0,0.6471,0.58,0.52,1.36,1.89,0.91,0.64,0.23,0.59,1.45,6.02,-41.0
CLE/BOS,Brodric Thomas,,10,6.0,16.0,0.375,1.0,9.0,0.1111,2.0,4.0,0.5,0.41,0.3,0.4,0.7,0.6,0.0,0.1,0.5,0.6,1.5,5.0
OKC,Derrick Favors,C,40,99.0,189.0,0.5238,2.0,17.0,0.1176,16.0,25.0,0.64,0.53,1.48,3.25,4.72,0.62,0.42,0.3,0.28,1.6,5.4,-143.0
OKC,Josh Giddey,G,58,304.0,714.0,0.4258,60.0,223.0,0.2691,60.0,86.0,0.6977,0.47,1.78,5.97,7.74,6.29,0.9,0.34,3.1,1.69,12.55,-295.0
LAC/POR,Justise Winslow,F,47,103.0,234.0,0.4402,14.0,58.0,0.2414,35.0,57.0,0.614,0.47,0.91,3.19,4.11,1.77,0.66,0.51,1.09,1.4,5.43,11.0
CHA,James Bouknight,,32,71.0,187.0,0.3797,20.0,64.0,0.3125,41.0,46.0,0.8913,0.43,0.72,1.09,1.81,0.84,0.34,0.06,0.72,1.03,6.34,-87.0
WAS,Isaiah Todd,,12,6.0,22.0,0.2727,4.0,15.0,0.2667,2.0,6.0,0.3333,0.36,0.25,1.0,1.25,0.25,0.17,0.17,0.08,0.25,1.5,-3.0
NYK,Kemba Walker,G,40,160.0,398.0,0.402,78.0,216.0,0.3611,63.0,74.0,0.8514,0.5,0.35,2.67,3.02,3.62,0.68,0.17,1.27,1.02,11.53,-184.0
POR,Jusuf Nurkic,C,60,334.0,632.0,0.5285,17.0,65.0,0.2615,196.0,281.0,0.6975,0.54,2.9,8.1,11.0,2.78,1.08,0.62,2.6,3.37,14.68,-42.0
TOR,OG Anunoby,F,46,303.0,685.0,0.4423,113.0,309.0,0.3657,92.0,120.0,0.7667,0.52,1.57,3.8,5.37,2.54,1.54,0.54,1.72,2.83,17.63,72.0
PHX,Chris Paul,G,60,335.0,686.0,0.4883,63.0,190.0,0.3316,156.0,185.0,0.8432,0.53,0.27,4.12,4.38,10.58,1.83,0.3,2.38,2.05,14.82,432.0
LAL,Anthony Davis,C,42,365.0,697.0,0.5237,14.0,74.0,0.1892,184.0,263.0,0.6996,0.53,2.6,6.69,9.29,2.81,1.26,2.21,1.88,2.4,22.1,-117.0
IND/CLE,Caris LeVert,G,43,301.0,680.0,0.4426,65.0,203.0,0.3202,114.0,150.0,0.76,0.49,0.72,2.91,3.63,4.37,0.95,0.44,1.88,2.28,18.16,-35.0
PHI,Charles Bassey,,26,33.0,52.0,0.6346,1.0,5.0,0.2,12.0,16.0,0.75,0.64,0.88,1.65,2.54,0.27,0.19,0.73,0.38,1.42,3.04,-54.0
DAL/PHI,Charlie Brown Jr.,F,19,10.0,39.0,0.2564,1.0,12.0,0.0833,9.0,10.0,0.9,0.27,0.74,0.95,1.68,0.32,0.53,0.21,0.26,0.95,1.58,-20.0
OKC,Kenrich Williams,,49,146.0,317.0,0.4606,41.0,121.0,0.3388,30.0,55.0,0.5455,0.53,1.53,2.96,4.49,2.2,0.9,0.2,0.94,1.65,7.41,25.0
OKC,Ty Jerome,F,51,133.0,353.0,0.3768,58.0,202.0,0.2871,49.0,59.0,0.8305,0.46,0.43,1.25,1.69,2.35,0.63,0.1,0.86,1.57,7.31,-54.0
MIN/WAS/MIL,Greg Monroe,,10,24.0,44.0,0.5455,0.0,0.0,,7.0,14.0,0.5,0.55,2.3,2.9,5.2,1.4,0.6,0.7,0.9,1.6,5.5,5.0
ATL,Sharife Cooper,,15,12.0,30.0,0.4,4.0,12.0,0.3333,1.0,2.0,0.5,0.47,0.07,0.93,1.0,1.07,0.27,0.07,0.73,0.27,1.93,-18.0
CHA/WAS,Vernon Carey Jr.,C,8,5.0,11.0,0.4545,0.0,0.0,,3.0,5.0,0.6,0.45,0.5,0.62,1.12,0.12,0.12,0.0,0.38,0.25,1.62,-22.0
OKC,Luguentz Dort,F,54,308.0,753.0,0.409,140.0,407.0,0.344,165.0,196.0,0.8418,0.5,0.7,3.31,4.02,1.7,0.89,0.33,1.7,2.81,17.06,-313.0
CHI,Tyler Cook,F,21,24.0,42.0,0.5714,0.0,0.0,,21.0,35.0,0.6,0.57,0.76,1.9,2.67,0.14,0.19,0.19,0.33,1.33,3.29,-42.0
POR/LAC,Norman Powell,G,46,282.0,620.0,0.4548,103.0,256.0,0.4023,181.0,224.0,0.808,0.54,0.46,2.74,3.2,2.07,0.93,0.41,1.54,2.26,18.43,-255.0
POR/DAL,Marquese Chriss,,27,53.0,115.0,0.4609,7.0,24.0,0.2917,21.0,31.0,0.6774,0.49,0.89,2.52,3.41,0.52,0.56,0.44,0.85,1.89,4.96,-18.0
MIL,Pat Connaughton,G,58,206.0,444.0,0.464,133.0,330.0,0.403,33.0,40.0,0.825,0.61,0.66,3.59,4.24,1.29,0.9,0.24,0.55,1.29,9.97,-19.0
CLE,Kevin Pangos,G,28,24.0,80.0,0.3,8.0,40.0,0.2,6.0,8.0,0.75,0.35,0.07,0.46,0.54,1.57,0.21,0.04,0.43,0.54,2.21,-11.0
POR,Dennis Smith Jr.,G,41,92.0,217.0,0.424,8.0,33.0,0.2424,58.0,86.0,0.6744,0.44,0.51,1.9,2.41,3.71,1.24,0.32,1.44,1.56,6.1,-155.0
BOS,Enes Freedom,C,31,47.0,86.0,0.5465,2.0,5.0,0.4,23.0,27.0,0.8519,0.56,1.71,3.1,4.81,0.23,0.16,0.45,0.58,1.23,3.84,83.0
BOS/DAL,Theo Pinson,,18,14.0,46.0,0.3043,6.0,31.0,0.1935,10.0,12.0,0.8333,0.37,0.06,1.28,1.33,1.0,0.28,0.11,0.17,0.72,2.44,-70.0
SAC,Jahmi'us Ramsey,,22,28.0,70.0,0.4,7.0,26.0,0.2692,9.0,17.0,0.5294,0.45,0.23,0.45,0.68,0.32,0.09,0.05,0.27,0.55,3.27,-39.0
SAC,Louis King,,13,19.0,59.0,0.322,11.0,35.0,0.3143,11.0,14.0,0.7857,0.42,0.0,1.08,1.08,0.77,0.38,0.08,0.15,1.08,4.62,-46.0
SAC,Robert Woodard II,,13,2.0,16.0,0.125,1.0,4.0,0.25,2.0,2.0,1.0,0.16,0.38,0.54,0.92,0.23,0.08,0.08,0.15,0.23,0.54,14.0
CHA,Gordon Hayward,F,49,284.0,618.0,0.4595,86.0,220.0,0.3909,126.0,150.0,0.84,0.53,0.82,3.76,4.57,3.57,0.94,0.45,1.67,1.78,15.92,0.0
BOS/PHX,Justin Jackson,,7,5.0,15.0,0.3333,3.0,9.0,0.3333,2.0,2.0,1.0,0.43,0.14,0.86,1.0,0.29,0.0,0.0,0.14,0.43,2.14,-13.0
CHI,Alfonzo McKinnie,F,17,24.0,61.0,0.3934,9.0,27.0,0.3333,2.0,8.0,0.25,0.47,0.76,1.18,1.94,0.29,0.12,0.18,0.41,1.53,3.47,-55.0
GSW,Andre Iguodala,,30,43.0,114.0,0.3772,15.0,68.0,0.2206,13.0,16.0,0.8125,0.44,0.7,2.7,3.4,3.8,0.87,0.7,0.93,1.1,3.8,120.0
OKC,Mamadi Diakite,C,15,29.0,56.0,0.5179,1.0,7.0,0.1429,6.0,13.0,0.4615,0.53,1.2,3.0,4.2,0.13,0.33,0.73,0.6,2.53,4.33,-40.0
NYK,Nerlens Noel,C,25,32.0,60.0,0.5333,0.0,3.0,0.0,21.0,30.0,0.7,0.53,1.92,3.72,5.64,0.92,1.2,1.24,0.8,2.68,3.4,-68.0
TOR/POR/IND,Reggie Perry,,5,6.0,14.0,0.4286,1.0,3.0,0.3333,8.0,8.0,1.0,0.46,0.4,1.6,2.0,0.4,0.4,0.0,0.4,2.0,4.2,-17.0
OKC,Mike Muscala,C,46,124.0,272.0,0.4559,74.0,175.0,0.4229,53.0,63.0,0.8413,0.59,0.5,2.5,3.0,0.5,0.41,0.59,0.3,1.3,8.15,50.0
MIN/MIA,Chris Silva,,11,9.0,18.0,0.5,0.0,0.0,,12.0,14.0,0.8571,0.5,1.45,2.09,3.55,0.64,0.0,0.09,0.73,1.82,2.73,-22.0
LAC,Eric Bledsoe,G,58,202.0,484.0,0.4174,51.0,165.0,0.3091,95.0,124.0,0.7661,0.47,0.52,2.76,3.28,4.14,1.24,0.36,2.12,1.57,9.48,-63.0
PHI,Myles Powell,,11,5.0,17.0,0.2941,1.0,6.0,0.1667,2.0,2.0,1.0,0.32,0.09,0.45,0.55,0.27,0.09,0.0,0.27,0.73,1.18,-18.0
MIA,Udonis Haslem,C,10,11.0,26.0,0.4231,1.0,3.0,0.3333,4.0,5.0,0.8,0.44,0.4,1.8,2.2,0.6,0.1,0.3,0.4,1.2,2.7,0.0
SAC,Neemias Queta,,11,10.0,24.0,0.4167,0.0,0.0,,3.0,5.0,0.6,0.42,1.0,0.82,1.82,0.36,0.09,0.36,0.45,1.09,2.09,-6.0
LAC,Jay Scrubb,,22,31.0,70.0,0.4429,7.0,28.0,0.25,8.0,12.0,0.6667,0.49,0.09,0.82,0.91,0.45,0.36,0.23,0.55,0.77,3.5,-20.0
UTA,Joe Ingles,G,46,117.0,290.0,0.4034,80.0,230.0,0.3478,17.0,22.0,0.7727,0.54,0.26,2.63,2.89,3.52,0.5,0.11,1.02,1.78,7.2,191.0
WAS,Bradley Beal,G,44,362.0,811.0,0.4464,67.0,226.0,0.2965,181.0,216.0,0.838,0.49,0.86,3.7,4.57,6.36,0.93,0.41,3.18,2.36,22.09,-85.0
MEM,Santi Aldama,,32,49.0,130.0,0.3769,7.0,52.0,0.1346,15.0,23.0,0.6522,0.4,0.81,2.0,2.81,0.56,0.09,0.28,0.44,1.03,3.75,-29.0
DET,Cassius Stanley,G,9,19.0,46.0,0.413,4.0,17.0,0.2353,10.0,10.0,1.0,0.46,0.56,1.56,2.11,0.44,0.56,0.22,0.67,1.89,5.78,-15.0
OKC,Jeremiah Robinson-Earl,C,48,122.0,314.0,0.3885,52.0,165.0,0.3152,34.0,48.0,0.7083,0.47,1.54,3.96,5.5,1.04,0.62,0.31,0.79,1.73,6.88,-265.0
MIL,George Hill,G,44,107.0,249.0,0.4297,37.0,125.0,0.296,53.0,57.0,0.9298,0.5,0.84,2.36,3.2,2.39,0.8,0.14,0.91,1.34,6.91,281.0
SAC,Terence Davis,G,34,134.0,312.0,0.4295,61.0,180.0,0.3389,43.0,52.0,0.8269,0.53,0.38,2.82,3.21,1.38,0.91,0.32,1.09,2.24,10.94,81.0
DAL,Tim Hardaway Jr.,G,45,220.0,557.0,0.395,109.0,320.0,0.3406,82.0,108.0,0.7593,0.49,0.33,3.36,3.69,2.22,0.84,0.18,0.76,1.67,14.02,94.0
POR,Nassir Little,F,43,146.0,324.0,0.4506,51.0,157.0,0.3248,70.0,96.0,0.7292,0.53,1.35,4.33,5.67,1.28,0.58,0.84,1.05,1.95,9.6,-39.0
MIN,McKinley Wright IV,,6,3.0,10.0,0.3,2.0,5.0,0.4,2.0,5.0,0.4,0.4,0.0,0.17,0.17,0.67,0.17,0.33,0.17,0.17,1.67,-4.0
CHI,Marko Simonovic,,10,4.0,16.0,0.25,1.0,5.0,0.2,8.0,11.0,0.7273,0.28,0.6,0.5,1.1,0.0,0.1,0.2,0.2,0.7,1.7,-4.0
MEM,Dakota Mathias,,6,2.0,6.0,0.3333,2.0,6.0,0.3333,0.0,0.0,,0.5,0.0,0.33,0.33,0.17,0.17,0.0,0.0,0.17,1.0,-11.0
CLE/UTA,Denzel Valentine,,27,27.0,72.0,0.375,20.0,51.0,0.3922,3.0,4.0,0.75,0.51,0.37,1.48,1.85,0.41,0.37,0.0,0.59,0.85,2.85,-25.0
BKN/LAC/DEN,James Ennis III,,7,11.0,24.0,0.4583,3.0,8.0,0.375,4.0,5.0,0.8,0.52,0.71,1.0,1.71,0.43,0.29,0.29,0.29,0.71,4.14,0.0
IND,Myles Turner,F,46,215.0,428.0,0.5023,65.0,200.0,0.325,89.0,117.0,0.7607,0.58,1.5,5.39,6.89,1.04,0.65,2.65,1.35,2.74,12.7,-22.0
CHI,Lonzo Ball,G,39,178.0,420.0,0.4238,119.0,280.0,0.425,22.0,32.0,0.6875,0.57,0.95,4.49,5.44,5.03,1.9,0.97,2.23,2.26,12.74,169.0
CHI,Devon Dotson,,15,13.0,32.0,0.4062,3.0,12.0,0.25,7.0,13.0,0.5385,0.45,0.13,0.93,1.07,1.33,0.13,0.0,0.4,0.87,2.4,-8.0
LAC,Xavier Moon,,6,14.0,34.0,0.4118,3.0,10.0,0.3,2.0,3.0,0.6667,0.46,0.17,1.33,1.5,1.67,0.83,0.17,0.5,0.67,5.5,-14.0
UTA,Zylan Cheatham,,1,0.0,3.0,0.0,0.0,2.0,0.0,0.0,0.0,,0.0,0.0,0.0,0.0,0.0,0.0,0.0,0.0,0.0,0.0,-13.0
GSW/BKN/MIL,Langston Galloway,,10,9.0,39.0,0.2308,4.0,25.0,0.16,2.0,2.0,1.0,0.28,0.6,2.3,2.9,1.7,0.1,0.1,0.7,1.0,2.4,-21.0
UTA,Norvel Pelle,,3,3.0,5.0,0.6,0.0,0.0,,0.0,0.0,,0.6,1.0,1.0,2.0,0.0,0.0,0.33,0.67,0.33,2.0,-19.0
PHI/SAS,Tyler Johnson,,6,6.0,20.0,0.3,5.0,13.0,0.3846,0.0,0.0,,0.42,0.5,1.5,2.0,1.17,0.5,0.5,0.33,1.17,2.83,-6.0
SAS,Jaylen Morris,,3,0.0,6.0,0.0,0.0,2.0,0.0,2.0,4.0,0.5,0.0,0.0,0.67,0.67,0.67,0.0,0.0,0.33,0.67,0.67,8.0
HOU/SAS,Anthony Lamb,,3,0.0,2.0,0.0,0.0,2.0,0.0,0.0,0.0,,0.0,0.33,0.67,1.0,0.67,0.0,0.0,0.33,0.0,0.0,5.0
PHI,Braxton Key,,2,1.0,2.0,0.5,0.0,1.0,0.0,0.0,0.0,,0.5,0.5,0.5,1.0,0.5,0.5,0.0,1.0,0.5,1.0,-5.0
PHI,Aaron Henry,,10,5.0,17.0,0.2941,1.0,5.0,0.2,1.0,1.0,1.0,0.32,0.1,0.6,0.7,0.4,0.7,0.3,0.5,0.7,1.2,-19.0
HOU,Usman Garuba,,19,11.0,32.0,0.3438,3.0,16.0,0.1875,1.0,2.0,0.5,0.39,0.68,1.58,2.26,0.47,0.42,0.37,0.26,0.47,1.37,47.0
POR,Cody Zeller,,28,54.0,93.0,0.5806,0.0,4.0,0.0,40.0,51.0,0.7843,0.58,1.86,2.86,4.71,0.79,0.29,0.21,0.75,2.07,5.29,-30.0
TOR/ORL,Freddie Gillespie,F,14,11.0,28.0,0.3929,0.0,1.0,0.0,4.0,9.0,0.4444,0.39,1.21,2.36,3.57,0.43,0.21,0.79,0.57,1.93,1.86,-29.0
GSW,Draymond Green,F,38,118.0,223.0,0.5291,15.0,50.0,0.3,44.0,73.0,0.6027,0.56,1.08,6.13,7.21,6.97,1.37,1.16,3.05,2.68,7.76,226.0
MEM,Dillon Brooks,F,21,145.0,340.0,0.4265,33.0,101.0,0.3267,64.0,72.0,0.8889,0.48,0.81,2.48,3.29,2.71,1.29,0.19,1.76,3.29,18.43,108.0
ORL/MEM,Jon Teske,,5,2.0,4.0,0.5,1.0,2.0,0.5,0.0,2.0,0.0,0.62,0.4,0.8,1.2,0.4,0.2,0.2,0.0,0.4,1.0,-9.0
MEM,DaQuan Jeffries,,3,1.0,2.0,0.5,0.0,1.0,0.0,0.0,0.0,,0.5,0.0,0.67,0.67,0.33,0.0,0.0,0.0,0.33,0.67,-3.0
ORL/GSW/MIL,Jeff Dowtin,,8,10.0,24.0,0.4167,0.0,5.0,0.0,0.0,0.0,,0.42,0.38,0.75,1.12,0.88,0.0,0.12,0.12,0.25,2.5,16.0
GSW/CHI,Jordan Bell,,5,5.0,5.0,1.0,1.0,1.0,1.0,1.0,2.0,0.5,1.1,0.8,0.6,1.4,0.6,0.6,0.4,1.6,0.8,2.4,7.0
OKC,Paul Watson,F,11,12.0,40.0,0.3,6.0,30.0,0.2,1.0,2.0,0.5,0.38,0.27,2.45,2.73,0.91,0.36,0.27,0.36,1.18,2.82,-51.0
MIL/SAC/DET,Justin Robinson,,30,40.0,122.0,0.3279,23.0,75.0,0.3067,6.0,10.0,0.6,0.42,0.17,0.83,1.0,1.37,0.37,0.03,0.7,1.07,3.63,-143.0
PHX,Paris Bass,,2,2.0,6.0,0.3333,0.0,2.0,0.0,2.0,2.0,1.0,0.33,1.0,1.0,2.0,0.0,0.5,0.0,1.0,1.0,3.0,2.0
MIA/DET,Micah Potter,,6,17.0,38.0,0.4474,3.0,9.0,0.3333,6.0,6.0,1.0,0.49,2.17,5.0,7.17,0.5,0.33,0.33,0.83,1.5,7.17,-46.0
WAS,Craig Sword,,3,3.0,4.0,0.75,0.0,1.0,0.0,0.0,0.0,,0.75,0.0,0.0,0.0,0.33,1.33,0.0,0.33,2.33,2.0,1.0
CLE/IND,Justin Anderson,,6,6.0,19.0,0.3158,3.0,15.0,0.2,6.0,7.0,0.8571,0.39,0.33,1.33,1.67,1.5,0.33,0.17,0.5,1.5,3.5,43.0
IND,Ahmad Caver,,1,1.0,1.0,1.0,0.0,0.0,,0.0,0.0,,1.0,0.0,0.0,0.0,0.0,0.0,0.0,0.0,0.0,2.0,2.0
IND,Nate Hinton,,5,1.0,5.0,0.2,1.0,3.0,0.3333,0.0,1.0,0.0,0.3,0.0,1.2,1.2,0.2,0.2,0.0,0.8,0.4,0.6,5.0
DEN,Rayjon Tucker,,3,1.0,2.0,0.5,1.0,2.0,0.5,3.0,4.0,0.75,0.75,0.33,1.0,1.33,1.33,0.33,0.0,0.0,1.0,2.0,3.0
DEN,Bol Bol,F,19,25.0,54.0,0.463,2.0,12.0,0.1667,11.0,16.0,0.6875,0.48,0.42,2.16,2.58,0.37,0.05,0.84,0.95,0.53,3.32,-6.0
POR,Larry Nance Jr.,F,40,105.0,206.0,0.5097,19.0,66.0,0.2879,33.0,51.0,0.6471,0.56,1.45,4.03,5.47,1.9,1.02,0.33,0.75,1.73,6.55,-70.0
MEM,Xavier Sneed,,2,0.0,2.0,0.0,0.0,2.0,0.0,0.0,0.0,,0.0,0.5,0.5,1.0,0.0,0.0,0.0,0.0,1.0,0.0,-6.0
ORL,Hassani Gravett,G,11,23.0,46.0,0.5,14.0,29.0,0.4828,5.0,6.0,0.8333,0.65,0.09,2.18,2.27,1.91,0.64,0.09,0.91,1.27,5.91,-10.0
DEN,Vlatko Cancar,F,19,34.0,63.0,0.5397,13.0,25.0,0.52,11.0,14.0,0.7857,0.64,0.42,1.11,1.53,0.95,0.21,0.21,0.58,0.89,4.84,1.0
DEN,Petr Cornelie,,15,7.0,19.0,0.3684,2.0,9.0,0.2222,4.0,6.0,0.6667,0.42,0.6,0.6,1.2,0.27,0.07,0.13,0.33,0.6,1.33,2.0
DAL/DEN,Carlik Jones,,9,11.0,32.0,0.3438,1.0,4.0,0.25,6.0,6.0,1.0,0.36,0.22,1.22,1.44,1.44,0.78,0.11,1.0,0.22,3.22,-13.0
CHI/TOR,Daniel Oturu,,5,5.0,9.0,0.5556,0.0,1.0,0.0,3.0,5.0,0.6,0.56,0.8,1.0,1.8,0.0,0.0,0.6,0.2,0.2,2.6,-24.0
BOS,Jabari Parker,F,15,26.0,58.0,0.4483,11.0,22.0,0.5,11.0,11.0,1.0,0.54,0.33,1.8,2.13,0.67,0.53,0.13,0.67,1.33,4.93,-7.0
PHX,MJ Walker,,2,0.0,4.0,0.0,0.0,2.0,0.0,0.0,0.0,,0.0,0.0,0.5,0.5,0.5,1.0,0.0,0.0,0.5,0.0,-3.0
SAC/PHX,Emanuel Terry,,4,1.0,6.0,0.1667,0.0,0.0,,0.0,0.0,,0.17,2.0,1.75,3.75,0.5,0.25,0.0,1.25,1.0,0.5,-22.0
OKC,Rob Edwards,,3,3.0,7.0,0.4286,3.0,7.0,0.4286,0.0,0.0,,0.64,0.0,1.0,1.0,0.0,0.0,0.0,0.33,0.0,3.0,-16.0
MIL,Javin DeLaurier,,5,2.0,6.0,0.3333,0.0,2.0,0.0,2.0,6.0,0.3333,0.33,0.8,1.2,2.0,0.0,0.6,0.0,0.4,1.8,1.2,5.0
DET,Derrick Walton Jr.,G,3,6.0,26.0,0.2308,3.0,13.0,0.2308,4.0,4.0,1.0,0.29,0.67,2.67,3.33,7.0,2.33,1.33,3.67,2.67,6.33,-3.0
DET,Jaysean Paige,,1,0.0,3.0,0.0,0.0,2.0,0.0,0.0,0.0,,0.0,0.0,1.0,1.0,1.0,0.0,0.0,1.0,2.0,0.0,-10.0
DET,Deividas Sirvydis,,3,1.0,10.0,0.1,1.0,7.0,0.1429,0.0,0.0,,0.15,0.0,2.0,2.0,0.33,1.0,0.33,0.0,1.33,1.0,-28.0
MIL/TOR/WAS,Tremont Waters,G,8,13.0,28.0,0.4643,7.0,16.0,0.4375,0.0,0.0,,0.59,0.0,1.0,1.0,2.12,1.12,0.0,1.75,1.12,4.12,-25.0
LAC/DAL,George King,,7,4.0,12.0,0.3333,3.0,10.0,0.3,2.0,3.0,0.6667,0.46,0.0,1.14,1.14,0.29,0.0,0.0,0.29,0.86,1.86,-18.0
CHA/ATL,Wes Iwundu,F,7,9.0,29.0,0.3103,3.0,7.0,0.4286,4.0,6.0,0.6667,0.36,0.43,2.43,2.86,0.43,0.29,0.14,0.43,1.43,3.57,-23.0
LAL/ATL,Chaundee Brown Jr.,F,10,24.0,62.0,0.3871,11.0,29.0,0.3793,10.0,13.0,0.7692,0.48,0.5,1.8,2.3,0.5,0.4,0.0,0.5,1.0,6.9,-29.0
LAL/ATL,Cameron Oliver,,7,14.0,26.0,0.5385,2.0,9.0,0.2222,5.0,10.0,0.5,0.58,0.57,1.14,1.71,1.14,0.57,0.14,0.14,1.57,5.0,-25.0
MEM,Tyrell Terry,,2,1.0,1.0,1.0,0.0,0.0,,0.0,0.0,,1.0,0.0,0.0,0.0,0.0,0.0,0.0,0.0,0.5,1.0,-2.0
UTA,Miye Oni,F,20,7.0,26.0,0.2692,5.0,23.0,0.2174,2.0,5.0,0.4,0.37,0.2,0.65,0.85,0.7,0.0,0.05,0.1,0.65,1.05,-67.0
POR,Damian Lillard,G,31,233.0,571.0,0.4081,98.0,297.0,0.33,162.0,185.0,0.8757,0.49,0.45,3.61,4.06,6.97,0.55,0.35,2.84,1.23,23.42,-60.0
POR,Cameron McGriff,,3,5.0,14.0,0.3571,2.0,6.0,0.3333,2.0,2.0,1.0,0.43,2.0,3.0,5.0,1.0,0.0,0.33,0.0,2.33,4.67,8.0
POR,Jarron Cumberland,,3,1.0,2.0,0.5,0.0,1.0,0.0,0.0,0.0,,0.5,0.33,0.67,1.0,0.33,0.0,0.0,0.0,0.67,0.67,9.0
CLE,Malik Newman,,1,3.0,5.0,0.6,0.0,1.0,0.0,2.0,2.0,1.0,0.6,0.0,1.0,1.0,1.0,0.0,0.0,1.0,0.0,8.0,1.0
CLE,Tacko Fall,C,14,11.0,21.0,0.5238,0.0,0.0,,5.0,14.0,0.3571,0.52,0.71,1.5,2.21,0.14,0.14,0.57,0.36,0.43,1.93,10.0
IND/WAS,Brad Wanamaker,G,26,32.0,87.0,0.3678,5.0,19.0,0.2632,24.0,27.0,0.8889,0.4,0.23,1.54,1.77,2.46,0.35,0.27,1.04,2.0,3.58,-69.0
WAS,Jordan Schakel,,4,0.0,7.0,0.0,0.0,4.0,0.0,5.0,5.0,1.0,0.0,0.5,0.75,1.25,0.0,0.5,0.0,0.25,0.25,1.25,-2.0
WAS,Jaime Echenique,,3,1.0,4.0,0.25,0.0,0.0,,2.0,4.0,0.5,0.25,0.33,0.33,0.67,0.0,0.0,0.0,0.33,0.67,1.33,-13.0
WAS,Jordan Goodwin,,5,6.0,14.0,0.4286,1.0,6.0,0.1667,0.0,0.0,,0.46,0.2,0.4,0.6,0.0,0.0,0.0,0.2,1.0,2.6,-24.0
LAL/WAS,Joel Ayayi,,12,2.0,16.0,0.125,0.0,5.0,0.0,0.0,0.0,,0.12,0.17,0.67,0.83,0.58,0.17,0.0,0.17,0.33,0.33,-14.0
DET,Cheick Diallo,,3,3.0,8.0,0.375,0.0,0.0,,5.0,6.0,0.8333,0.38,1.33,2.67,4.0,0.0,0.33,0.0,0.33,2.0,3.67,-33.0
DET,Trayvon Palmer,,1,0.0,1.0,0.0,0.0,0.0,,0.0,0.0,,0.0,0.0,2.0,2.0,0.0,0.0,0.0,1.0,2.0,0.0,-12.0
ATL,Cat Barber,,3,0.0,4.0,0.0,0.0,0.0,,0.0,4.0,0.0,0.0,0.33,0.67,1.0,1.0,0.0,0.0,0.33,0.33,0.0,11.0
LAL/CHI,Mac McClung,,4,2.0,8.0,0.25,1.0,3.0,0.3333,1.0,2.0,0.5,0.31,0.25,0.25,0.5,0.5,0.25,0.25,0.25,0.5,1.5,-27.0
LAL,Darren Collison,,3,2.0,7.0,0.2857,0.0,3.0,0.0,0.0,0.0,,0.29,0.0,1.33,1.33,0.67,0.33,0.0,0.33,1.67,1.33,-14.0
MEM,Shaq Buchanan,,3,4.0,14.0,0.2857,0.0,5.0,0.0,1.0,2.0,0.5,0.29,0.67,1.33,2.0,1.0,0.33,0.0,1.0,1.0,3.0,-4.0
OKC,Scotty Hopson,,1,2.0,4.0,0.5,0.0,1.0,0.0,0.0,0.0,,0.5,0.0,1.0,1.0,1.0,0.0,0.0,2.0,1.0,4.0,-6.0
OKC,Jaylen Hoard,,1,0.0,1.0,0.0,0.0,0.0,,0.0,0.0,,0.0,1.0,1.0,2.0,0.0,0.0,0.0,0.0,0.0,0.0,-4.0
PHX,Chandler Hutchison,,10,6.0,12.0,0.5,2.0,4.0,0.5,6.0,8.0,0.75,0.58,0.1,1.0,1.1,0.6,0.2,0.0,0.8,0.5,2.0,19.0
MIA,KZ Okpala,F,25,37.0,94.0,0.3936,12.0,36.0,0.3333,11.0,17.0,0.6471,0.46,0.84,1.52,2.36,0.64,0.32,0.32,0.44,1.32,3.88,-7.0
MIA,Marcus Garrett,,15,8.0,26.0,0.3077,2.0,5.0,0.4,2.0,5.0,0.4,0.35,0.67,1.2,1.87,0.87,0.4,0.2,0.33,1.13,1.33,45.0
CLE,Ricky Rubio,G,39,166.0,451.0,0.3681,61.0,185.0,0.3297,97.0,113.0,0.8584,0.44,0.44,3.41,3.85,6.44,1.36,0.18,2.56,2.21,12.56,180.0
NOP,Jared Harper,,2,3.0,7.0,0.4286,1.0,2.0,0.5,0.0,0.0,,0.5,0.5,0.0,0.5,1.5,0.0,0.5,0.5,1.0,3.5,0.0
OKC,Gabriel Deck,,10,15.0,24.0,0.625,4.0,7.0,0.5714,2.0,4.0,0.5,0.71,0.5,1.9,2.4,0.7,0.2,0.0,0.4,0.5,3.6,-15.0
DAL,Brandon Knight,,3,9.0,20.0,0.45,4.0,13.0,0.3077,8.0,8.0,1.0,0.55,0.0,2.33,2.33,2.67,0.33,0.0,1.33,1.67,10.0,6.0
PHI/BKN,Shaquille Harrison,,6,11.0,28.0,0.3929,0.0,5.0,0.0,4.0,11.0,0.3636,0.39,0.33,2.0,2.33,1.67,2.0,0.5,1.83,2.0,4.33,11.0
ORL,Aleem Ford,,5,6.0,20.0,0.3,2.0,15.0,0.1333,0.0,0.0,,0.35,0.4,2.6,3.0,0.4,0.2,0.0,0.8,1.4,2.8,-35.0
BOS/TOR,Juwan Morgan,,2,2.0,5.0,0.4,1.0,4.0,0.25,0.0,0.0,,0.5,1.5,1.0,2.5,0.5,0.0,0.0,0.0,1.5,2.5,-30.0
CLE,Trevon Scott,,2,3.0,6.0,0.5,0.0,1.0,0.0,0.0,0.0,,0.5,0.5,0.5,1.0,0.0,0.5,0.5,0.0,1.0,3.0,4.0
PHI,Jaden Springer,,6,6.0,19.0,0.3158,0.0,2.0,0.0,0.0,0.0,,0.32,0.33,1.33,1.67,0.67,0.17,0.33,1.17,0.5,2.0,-20.0
SAC,Emmanuel Mudiay,,2,0.0,2.0,0.0,0.0,0.0,,3.0,4.0,0.75,0.0,0.0,0.0,0.0,2.0,0.5,0.0,0.5,0.5,1.5,-7.0
NYK,Matt Mooney,,1,0.0,1.0,0.0,0.0,1.0,0.0,0.0,0.0,,0.0,0.0,0.0,0.0,0.0,1.0,0.0,1.0,0.0,0.0,-5.0
NYK,Tyler Hall,,1,0.0,0.0,,0.0,0.0,,0.0,0.0,,,0.0,0.0,0.0,0.0,0.0,0.0,0.0,0.0,0.0,-5.0
ORL,BJ Johnson,,4,11.0,25.0,0.44,4.0,10.0,0.4,0.0,0.0,,0.52,1.5,2.25,3.75,0.0,0.0,0.25,0.0,1.0,6.5,-12.0
NYK,Damyean Dotson,,2,2.0,4.0,0.5,0.0,1.0,0.0,0.0,0.0,,0.5,0.0,1.0,1.0,0.5,0.0,0.0,0.0,0.0,2.0,3.0
LAL,Jemerrio Jones,,2,2.0,3.0,0.6667,0.0,0.0,,0.0,0.0,,0.67,1.0,0.5,1.5,0.0,0.5,0.0,0.0,1.0,2.0,-13.0
LAL,Mason Jones,,2,2.0,8.0,0.25,0.0,2.0,0.0,1.0,2.0,0.5,0.25,0.5,0.5,1.0,0.0,0.5,0.0,0.5,0.5,2.5,-4.0
WAS/LAL,Jay Huff,,6,0.0,4.0,0.0,0.0,3.0,0.0,0.0,0.0,,0.0,0.17,0.83,1.0,0.17,0.17,0.33,0.17,0.33,0.0,6.0
BOS,CJ Miles,,1,0.0,0.0,,0.0,0.0,,0.0,0.0,,,0.0,0.0,0.0,0.0,0.0,0.0,0.0,1.0,0.0,-5.0
BOS,Joe Johnson,,1,1.0,1.0,1.0,0.0,0.0,,0.0,0.0,,1.0,0.0,0.0,0.0,0.0,0.0,0.0,0.0,0.0,2.0,-5.0
LAC,Paul George,F,28,240.0,574.0,0.4181,72.0,227.0,0.3172,104.0,118.0,0.8814,0.48,0.39,6.43,6.82,5.29,1.93,0.36,4.0,2.39,23.43,8.0
LAC,Moses Wright,,5,7.0,13.0,0.5385,1.0,4.0,0.25,0.0,4.0,0.0,0.58,1.0,1.2,2.2,0.6,0.2,0.6,0.6,1.0,3.0,-8.0
SAC,Ade Murkey,,1,0.0,0.0,,0.0,0.0,,0.0,0.0,,,0.0,0.0,0.0,0.0,0.0,0.0,0.0,0.0,0.0,-1.0
NYK,Wayne Selden,,3,1.0,4.0,0.25,1.0,2.0,0.5,2.0,4.0,0.5,0.38,0.0,0.33,0.33,0.33,0.0,0.0,0.0,0.33,1.67,-13.0
DAL,JaQuori McLaughlin,,8,3.0,14.0,0.2143,2.0,11.0,0.1818,3.0,4.0,0.75,0.29,0.12,0.88,1.0,0.62,0.12,0.12,0.38,0.5,1.38,-16.0
GSW/ORL,Mychal Mulder,G,19,28.0,89.0,0.3146,20.0,66.0,0.303,2.0,2.0,1.0,0.43,0.11,1.0,1.11,0.32,0.32,0.11,0.47,0.74,4.11,-39.0
NYK,Derrick Rose,G,30,145.0,320.0,0.4531,45.0,106.0,0.4245,41.0,42.0,0.9762,0.52,0.77,2.27,3.03,4.17,0.9,0.4,1.43,0.6,12.53,152.0
CHA,Scottie Lewis,,4,1.0,2.0,0.5,0.0,0.0,,5.0,6.0,0.8333,0.5,0.0,0.5,0.5,0.75,1.0,0.5,0.5,0.25,1.75,-21.0
CHA,Arnoldas Kulboka,,2,0.0,0.0,,0.0,0.0,,0.0,0.0,,,0.0,0.0,0.0,0.0,0.0,0.0,0.0,0.0,0.0,-15.0
NOP,Kira Lewis Jr.,,28,72.0,179.0,0.4022,16.0,67.0,0.2388,11.0,13.0,0.8462,0.45,0.39,1.61,2.0,2.18,0.46,0.04,1.04,0.71,6.11,-101.0
ATL,Solomon Hill,F,16,5.0,29.0,0.1724,3.0,18.0,0.1667,2.0,2.0,1.0,0.22,0.62,1.44,2.06,1.19,0.25,0.25,0.12,1.12,0.94,36.0
TOR,David Johnson,,5,3.0,10.0,0.3,1.0,6.0,0.1667,0.0,0.0,,0.35,0.2,0.8,1.0,0.6,0.2,0.0,0.8,0.4,1.4,-11.0
DAL,Eugene Omoruyi,,8,14.0,31.0,0.4516,3.0,9.0,0.3333,7.0,10.0,0.7,0.5,1.38,2.0,3.38,1.38,0.5,0.12,0.75,1.75,4.75,16.0
IND,T.J. McConnell,G,28,98.0,204.0,0.4804,10.0,33.0,0.303,14.0,17.0,0.8235,0.5,0.96,2.46,3.43,4.82,1.21,0.36,1.25,1.71,7.86,-69.0
MIL,Georgios Kalaitzakis,G,14,9.0,29.0,0.3103,2.0,9.0,0.2222,8.0,13.0,0.6154,0.34,0.36,1.0,1.36,0.36,0.21,0.14,0.5,0.93,2.0,-58.0
DEN,P.J. Dozier,G,22,52.0,131.0,0.3969,21.0,65.0,0.3231,17.0,20.0,0.85,0.48,0.64,2.59,3.23,1.59,0.77,0.36,0.64,1.68,6.45,-75.0
PHX,Abdel Nader,,18,26.0,61.0,0.4262,7.0,21.0,0.3333,13.0,17.0,0.7647,0.48,0.28,1.89,2.17,0.56,0.72,0.28,0.78,1.44,4.0,32.0
MEM,Sam Merrill,G,9,21.0,45.0,0.4667,17.0,40.0,0.425,2.0,4.0,0.5,0.66,0.11,0.78,0.89,1.0,0.22,0.11,0.67,0.67,6.78,-13.0
BOS,Enes Kanter,,8,10.0,26.0,0.3846,0.0,0.0,,3.0,3.0,1.0,0.38,2.0,2.12,4.12,0.38,0.0,0.0,0.62,1.0,2.88,-13.0
PHX,Frank Kaminsky,,13,45.0,88.0,0.5114,7.0,24.0,0.2917,21.0,24.0,0.875,0.55,0.92,3.62,4.54,1.69,0.77,0.54,0.54,1.31,9.08,44.0
BKN,Joe Harris,G,17,70.0,146.0,0.4795,54.0,108.0,0.5,5.0,6.0,0.8333,0.66,0.35,3.41,3.76,1.12,0.41,0.12,1.12,2.06,11.71,28.0
BKN/LAL,Sekou Doumbouya,,3,8.0,11.0,0.7273,1.0,2.0,0.5,8.0,9.0,0.8889,0.77,0.67,2.67,3.33,0.33,1.33,0.67,1.0,0.67,8.33,42.0
CLE,Collin Sexton,G,14,82.0,192.0,0.4271,17.0,60.0,0.2833,38.0,53.0,0.717,0.47,1.0,2.07,3.07,2.07,0.93,0.0,3.29,1.86,15.64,-73.0
DEN,Michael Porter Jr.,F,12,58.0,146.0,0.3973,19.0,68.0,0.2794,8.0,13.0,0.6154,0.46,1.0,5.33,6.33,2.0,0.83,0.17,1.42,1.92,11.92,73.0
NOP,Didi Louzada,,6,2.0,10.0,0.2,2.0,8.0,0.25,0.0,0.0,,0.3,0.33,0.83,1.17,0.5,0.17,0.0,0.17,0.33,1.0,13.0
IND,DeJon Jarreau,,4,3.0,9.0,0.3333,1.0,1.0,1.0,1.0,2.0,0.5,0.39,0.25,0.75,1.0,1.0,0.0,0.0,0.5,0.25,2.0,2.0
CHI,Patrick Williams,F,6,15.0,29.0,0.5172,5.0,9.0,0.5556,4.0,4.0,1.0,0.6,0.33,2.0,2.33,0.83,0.83,0.5,0.33,1.83,6.5,15.0
TOR,Sam Dekker,,5,9.0,16.0,0.5625,5.0,8.0,0.625,0.0,1.0,0.0,0.72,0.0,0.4,0.4,0.2,0.0,0.0,0.2,0.2,4.6,7.0
MIL,Brook Lopez,C,5,20.0,46.0,0.4348,6.0,17.0,0.3529,3.0,4.0,0.75,0.5,1.2,3.4,4.6,0.2,0.6,2.8,0.8,2.2,9.8,15.0
CLE,Mitch Ballock,,1,4.0,6.0,0.6667,3.0,5.0,0.6,1.0,1.0,1.0,0.92,0.0,3.0,3.0,1.0,0.0,0.0,1.0,0.0,12.0,4.0
CLE,Justin James,,1,2.0,5.0,0.4,0.0,1.0,0.0,1.0,2.0,0.5,0.4,0.0,3.0,3.0,1.0,0.0,0.0,1.0,2.0,5.0,0.0
DAL,Feron Hunt,,4,10.0,14.0,0.7143,1.0,2.0,0.5,0.0,2.0,0.0,0.75,0.5,1.25,1.75,0.5,1.0,0.25,0.25,1.25,5.25,-12.0
GSW,L.J. Figueroa,,1,0.0,1.0,0.0,0.0,1.0,0.0,0.0,0.0,,0.0,0.0,0.0,0.0,0.0,1.0,0.0,1.0,0.0,0.0,-6.0
MIA,DJ Stewart,,4,7.0,11.0,0.6364,2.0,3.0,0.6667,1.0,2.0,0.5,0.73,0.75,1.5,2.25,0.25,0.0,0.25,0.75,1.25,4.25,-9.0
MIA,Dru Smith,,3,5.0,11.0,0.4545,1.0,5.0,0.2,4.0,4.0,1.0,0.5,0.33,1.33,1.67,2.0,1.0,0.67,1.33,2.67,5.0,-16.0
ATL,Johnny Hamilton,,4,2.0,5.0,0.4,0.0,0.0,,0.0,3.0,0.0,0.4,0.5,1.75,2.25,0.0,0.0,0.25,0.0,0.75,1.0,-3.0
DEN,Tarik Black,,1,1.0,2.0,0.5,0.0,0.0,,4.0,4.0,1.0,0.5,3.0,1.0,4.0,0.0,1.0,0.0,1.0,2.0,6.0,13.0
POR,Quinn Cook,,2,3.0,7.0,0.4286,1.0,2.0,0.5,0.0,0.0,,0.5,0.0,1.0,1.0,0.5,0.0,0.0,1.0,1.5,3.5,-2.0
POR,Patrick Patterson,,2,3.0,11.0,0.2727,1.0,7.0,0.1429,0.0,0.0,,0.32,1.5,2.5,4.0,0.0,0.0,0.0,1.0,1.0,3.5,-6.0
PHX,Chasson Randle,,4,7.0,16.0,0.4375,3.0,8.0,0.375,3.0,5.0,0.6,0.53,0.0,0.75,0.75,1.25,0.5,0.0,1.0,1.25,5.0,7.0
CHA,Jalen Crutcher,,1,1.0,4.0,0.25,1.0,2.0,0.5,0.0,0.0,,0.38,0.0,1.0,1.0,1.0,0.0,0.0,1.0,2.0,3.0,-18.0
MEM,Romeo Weems,,2,2.0,6.0,0.3333,0.0,3.0,0.0,0.0,0.0,,0.33,0.5,1.5,2.0,0.5,0.5,0.5,0.5,1.0,2.0,-11.0
ORL,E'Twaun Moore,G,4,10.0,22.0,0.4545,4.0,8.0,0.5,2.0,2.0,1.0,0.55,1.0,1.75,2.75,1.0,0.5,0.0,1.0,1.25,6.5,-1.0
NYK,Aamir Simms,,2,1.0,2.0,0.5,0.0,0.0,,2.0,2.0,1.0,0.5,1.5,1.0,2.5,1.0,0.0,0.0,0.0,1.0,2.0,6.0
MIL,Elijah Bryant,,4,16.0,30.0,0.5333,7.0,12.0,0.5833,4.0,5.0,0.8,0.65,1.0,2.25,3.25,1.0,0.75,0.25,1.25,2.0,10.75,0.0
UTA,MaCio Teague,,4,7.0,23.0,0.3043,0.0,6.0,0.0,0.0,0.0,,0.3,0.25,0.5,0.75,1.0,0.5,0.0,0.0,1.0,3.5,-14.0
UTA,Derrick Alston Jr.,,4,1.0,3.0,0.3333,0.0,2.0,0.0,0.0,0.0,,0.33,0.0,0.5,0.5,0.25,0.25,0.0,0.0,0.0,0.5,-3.0
HOU,Dante Exum,,3,2.0,3.0,0.6667,0.0,1.0,0.0,3.0,5.0,0.6,0.67,0.33,1.67,2.0,2.67,0.33,0.33,1.0,1.0,2.33,10.0
HOU,Tyler Bey,,1,1.0,2.0,0.5,0.0,0.0,,1.0,1.0,1.0,0.5,1.0,0.0,1.0,0.0,0.0,0.0,0.0,0.0,3.0,0.0
NOP,Daulton Hommes,,3,3.0,7.0,0.4286,2.0,5.0,0.4,0.0,0.0,,0.57,0.33,1.0,1.33,0.33,0.0,0.33,0.0,0.0,2.67,10.0
SAC,Matt Coleman III,,3,0.0,3.0,0.0,0.0,2.0,0.0,0.0,0.0,,0.0,0.0,0.33,0.33,0.67,0.0,0.0,0.33,0.67,0.0,-23.0
SAC,DJ Steward,,1,1.0,3.0,0.3333,0.0,1.0,0.0,0.0,0.0,,0.33,0.0,0.0,0.0,2.0,0.0,0.0,0.0,0.0,2.0,-3.0
MIN,Isaiah Miller,,2,1.0,4.0,0.25,1.0,1.0,1.0,0.0,2.0,0.0,0.38,0.0,1.0,1.0,0.5,0.5,0.0,0.0,0.0,1.5,1.0
MIN,Brian Bowen II,,2,1.0,1.0,1.0,0.0,0.0,,3.0,3.0,1.0,1.0,0.0,1.0,1.0,0.0,0.0,0.0,0.0,1.0,2.5,-1.0
LAC,Harry Giles III,C,4,9.0,22.0,0.4091,0.0,2.0,0.0,7.0,8.0,0.875,0.41,2.0,5.5,7.5,1.5,0.25,0.25,1.0,1.5,6.25,-38.0
SAS,Luka Samanic,F,4,10.0,19.0,0.5263,2.0,4.0,0.5,1.0,2.0,0.5,0.58,0.5,1.5,2.0,0.5,0.0,0.25,0.5,1.0,5.75,-17.0
LAL,Kendrick Nunn,G,4,14.0,38.0,0.3684,5.0,18.0,0.2778,2.0,2.0,1.0,0.43,0.75,3.0,3.75,1.25,0.0,0.25,1.5,0.75,8.75,-31.0
ATL,Jahlil Okafor,,2,2.0,3.0,0.6667,0.0,0.0,,2.0,2.0,1.0,0.67,0.5,1.5,2.0,1.5,0.5,0.5,0.5,2.0,3.0,0.0
CLE,Mfiondu Kabengele,,1,1.0,2.0,0.5,0.0,1.0,0.0,0.0,0.0,,0.5,1.0,1.0,2.0,0.0,0.0,0.0,0.0,0.0,2.0,-2.0
MIL,Johnny O'Bryant III,,2,3.0,6.0,0.5,2.0,3.0,0.6667,0.0,0.0,,0.67,1.0,0.5,1.5,0.0,0.5,0.0,0.5,0.5,4.0,0.0
CHI,Ethan Thompson,,2,1.0,2.0,0.5,0.0,0.0,,0.0,0.0,,0.5,0.0,1.0,1.0,0.5,0.0,0.0,0.0,0.5,1.0,-11.0
SAS,Al-Farouq Aminu,,1,2.0,2.0,1.0,1.0,1.0,1.0,0.0,0.0,,1.25,1.0,0.0,1.0,1.0,0.0,0.0,0.0,1.0,5.0,7.0
UTA,Marques Bolden,,2,2.0,3.0,0.6667,0.0,0.0,,0.0,0.0,,0.67,0.0,0.5,0.5,0.5,0.5,0.5,0.0,0.5,2.0,-15.0
MEM,Kris Dunn,,1,0.0,0.0,,0.0,0.0,,0.0,0.0,,,0.0,0.0,0.0,0.0,2.0,0.0,0.0,0.0,0.0,4.0
PHI,Grant Riller,,1,3.0,5.0,0.6,0.0,1.0,0.0,1.0,2.0,0.5,0.6,0.0,0.0,0.0,0.0,0.0,1.0,2.0,0.0,7.0,10.0
ATL,A.J. Lawson,,1,2.0,3.0,0.6667,2.0,2.0,1.0,2.0,2.0,1.0,1.0,0.0,2.0,2.0,0.0,0.0,0.0,1.0,0.0,8.0,-6.0
